order_id,session_id,product_id,order_date,quantity,unit_price,order_value,month
1,23,16,2024-01-24,1,36.62,36.62,1
2,72,36,2024-01-14,1,15.31,15.31,1
3,88,12,2024-01-20,1,21.64,21.64,1
4,249,36,2024-01-24,1,14.56,14.56,1
5,260,3,2024-01-24,1,150.32,150.32,1
6,282,35,2024-01-13,1,35.03,35.03,1
7,283,30,2024-01-06,1,20.23,20.23,1
8,375,31,2024-01-29,1,30.69,30.69,1
9,409,17,2024-01-07,1,61.52,61.52,1
10,483,26,2024-01-26,1,27.75,27.75,1
11,487,17,2024-01-01,1,68.89,68.89,1
12,517,14,2024-01-25,1,99.79,99.79,1
13,578,33,2024-01-19,1,57.12,57.12,1
14,600,15,2024-01-12,1,47.76,47.76,1
15,747,31,2024-01-26,2,31.35,62.7,1
16,763,23,2024-01-10,1,9.25,9.25,1
17,798,20,2024-01-27,1,14.67,14.67,1
18,807,6,2024-01-12,1,64.23,64.23,1
19,823,12,2024-01-31,2,24.14,48.28,1
20,828,23,2024-01-04,1,10.63,10.63,1
21,834,8,2024-01-06,1,104.35,104.35,1
22,905,24,2024-01-06,1,14.9,14.9,1
23,930,21,2024-01-28,1,32.48,32.48,1
24,948,30,2024-01-13,1,19.81,19.81,1
25,1010,12,2024-01-24,1,25.04,25.04,1
26,1041,22,2024-01-28,1,18.57,18.57,1
27,1080,24,2024-01-08,1,14.54,14.54,1
28,1146,23,2024-01-18,1,9.46,9.46,1
29,1194,24,2024-01-07,1,15.01,15.01,1
30,1195,24,2024-01-29,1,14.89,14.89,1
31,1243,8,2024-01-23,1,104.27,104.27,1
32,1311,4,2024-01-09,1,51.04,51.04,1
33,1319,3,2024-01-18,1,141.3,141.3,1
34,1334,8,2024-01-09,1,104.3,104.3,1
35,1383,35,2024-01-13,1,40.82,40.82,1
36,1429,27,2024-01-05,1,168.53,168.53,1
37,1551,18,2024-01-20,2,23.37,46.74,1
38,1569,20,2024-01-05,2,15.16,30.32,1
39,1587,8,2024-01-03,1,105.47,105.47,1
40,1589,21,2024-01-06,1,30.87,30.87,1
41,1695,4,2024-01-25,1,52.04,52.04,1
42,1823,21,2024-01-16,2,34.15,68.3,1
43,1873,24,2024-01-25,2,14.17,28.34,1
44,1935,18,2024-01-23,1,21.9,21.9,1
45,2035,21,2024-01-08,1,34.28,34.28,1
46,2166,4,2024-01-22,1,47.28,47.28,1
47,2196,21,2024-01-07,2,29.45,58.9,1
48,2216,30,2024-01-16,4,22.58,90.32,1
49,2248,19,2024-01-24,3,17.34,52.02,1
50,2268,7,2024-01-21,1,89.23,89.23,1
51,2281,24,2024-01-24,2,13.8,27.6,1
52,2369,19,2024-01-27,1,18.52,18.52,1
53,2421,23,2024-01-04,1,10.8,10.8,1
54,2492,12,2024-01-14,2,24.59,49.18,1
55,2536,25,2024-01-10,2,45.52,91.04,1
56,2724,2,2024-01-19,1,71.15,71.15,1
57,2760,19,2024-01-29,2,17.92,35.84,1
58,2898,34,2024-01-04,1,21.7,21.7,1
59,2925,27,2024-01-31,1,156.46,156.46,1
60,2977,19,2024-01-06,1,16.92,16.92,1
61,3036,28,2024-01-16,4,73.14,292.56,1
62,3078,2,2024-01-01,1,82.47,82.47,1
63,3191,15,2024-01-26,1,45.21,45.21,1
64,3260,19,2024-01-23,1,16.63,16.63,1
65,3285,22,2024-01-31,4,16.8,67.2,1
66,3294,27,2024-01-07,1,149.81,149.81,1
67,3371,32,2024-01-14,2,30.22,60.44,1
68,3396,12,2024-01-10,1,23.21,23.21,1
69,3515,22,2024-01-12,1,15.35,15.35,1
70,3541,25,2024-01-09,1,43.9,43.9,1
71,3591,28,2024-01-26,1,72.24,72.24,1
72,3661,15,2024-01-08,1,44.54,44.54,1
73,3681,31,2024-01-28,1,37.19,37.19,1
74,3729,35,2024-01-21,1,41.27,41.27,1
75,3733,24,2024-01-21,1,16.36,16.36,1
76,3868,31,2024-01-24,1,33.15,33.15,1
77,3941,12,2024-01-16,1,22.1,22.1,1
78,3995,4,2024-01-09,1,51.2,51.2,1
79,4013,22,2024-01-26,1,18.11,18.11,1
80,4048,33,2024-01-23,1,58.75,58.75,1
81,4056,16,2024-01-08,1,34.24,34.24,1
82,4061,13,2024-01-15,1,187.17,187.17,1
83,4062,31,2024-01-22,1,32.39,32.39,1
84,4073,10,2024-01-11,1,60.04,60.04,1
85,4077,34,2024-01-20,1,24.2,24.2,1
86,4084,8,2024-01-05,3,118.97,356.91,1
87,4094,31,2024-01-12,1,37.08,37.08,1
88,4130,29,2024-01-01,2,32.51,65.02,1
89,4226,15,2024-01-21,3,47.04,141.12,1
90,4244,2,2024-01-06,2,81.13,162.26,1
91,4284,10,2024-01-04,2,61.52,123.04,1
92,4285,10,2024-01-07,2,60.94,121.88,1
93,4324,15,2024-01-16,1,44.88,44.88,1
94,4367,9,2024-01-17,1,20.06,20.06,1
95,4412,7,2024-01-09,3,90.32,270.96,1
96,4419,10,2024-01-04,2,59.14,118.28,1
97,4431,13,2024-01-08,2,182.81,365.62,1
98,4432,21,2024-01-31,1,30.24,30.24,1
99,4555,30,2024-01-19,1,21.49,21.49,1
100,4569,6,2024-01-16,1,67.1,67.1,1
101,4586,30,2024-01-11,1,19.95,19.95,1
102,4838,6,2024-01-30,1,65.1,65.1,1
103,4903,10,2024-01-12,1,58.97,58.97,1
104,4920,6,2024-01-28,1,64.53,64.53,1
105,4958,8,2024-01-20,4,126.4,505.6,1
106,4964,14,2024-01-19,1,105.67,105.67,1
107,4982,10,2024-01-13,2,53.44,106.88,1
108,5009,15,2024-01-17,1,43.82,43.82,1
109,5093,25,2024-01-08,1,42.99,42.99,1
110,5099,20,2024-01-01,3,14.71,44.13,1
111,5102,23,2024-01-28,2,10.36,20.72,1
112,5103,25,2024-01-31,1,44.07,44.07,1
113,5144,5,2024-01-27,3,91.93,275.79,1
114,5180,20,2024-01-14,1,16.49,16.49,1
115,5196,16,2024-01-13,2,35.7,71.4,1
116,5305,28,2024-01-13,1,82.4,82.4,1
117,5356,16,2024-01-12,1,38.25,38.25,1
118,5380,7,2024-01-28,3,99.03,297.09,1
119,5396,10,2024-02-09,1,62.75,62.75,2
120,5445,10,2024-02-01,1,57.78,57.78,2
121,5511,22,2024-02-13,1,16.78,16.78,2
122,5550,5,2024-02-22,1,90.72,90.72,2
123,5556,7,2024-02-29,1,95.41,95.41,2
124,5589,23,2024-02-26,1,10.3,10.3,2
125,5598,11,2024-02-22,1,34.79,34.79,2
126,5609,11,2024-02-26,2,33.7,67.4,2
127,5642,29,2024-02-15,1,37.25,37.25,2
128,5675,11,2024-02-28,1,37.51,37.51,2
129,5743,23,2024-02-21,1,10.71,10.71,2
130,5990,35,2024-02-24,1,35.5,35.5,2
131,6047,34,2024-02-14,2,20.54,41.08,2
132,6090,25,2024-02-26,1,41.11,41.11,2
133,6117,27,2024-02-11,1,169.75,169.75,2
134,6172,24,2024-02-13,2,14.51,29.02,2
135,6185,26,2024-02-18,1,25.78,25.78,2
136,6200,18,2024-02-27,3,23.29,69.87,2
137,6275,11,2024-02-20,3,36.22,108.66,2
138,6301,21,2024-02-15,1,33.25,33.25,2
139,6333,14,2024-02-12,1,108.67,108.67,2
140,6391,24,2024-02-14,2,16.12,32.24,2
141,6451,31,2024-02-23,1,31.91,31.91,2
142,6457,16,2024-02-29,1,38.51,38.51,2
143,6501,16,2024-02-06,1,40.31,40.31,2
144,6527,22,2024-02-03,1,18.0,18.0,2
145,6540,19,2024-02-24,3,16.36,49.08,2
146,6549,20,2024-02-23,2,16.55,33.1,2
147,6563,22,2024-02-12,4,17.14,68.56,2
148,6600,19,2024-02-27,1,18.48,18.48,2
149,6646,27,2024-02-22,1,160.16,160.16,2
150,6687,30,2024-02-28,4,19.95,79.8,2
151,6706,22,2024-02-15,2,15.46,30.92,2
152,6719,13,2024-02-18,1,185.3,185.3,2
153,6914,23,2024-02-28,1,10.54,10.54,2
154,6995,21,2024-02-08,1,35.09,35.09,2
155,7013,8,2024-02-20,1,122.58,122.58,2
156,7022,36,2024-02-19,2,16.47,32.94,2
157,7030,35,2024-02-25,2,39.49,78.98,2
158,7054,23,2024-02-08,2,10.63,21.26,2
159,7068,18,2024-02-29,2,20.82,41.64,2
160,7108,31,2024-02-08,1,31.65,31.65,2
161,7141,22,2024-02-09,2,15.66,31.32,2
162,7147,5,2024-02-25,1,88.25,88.25,2
163,7160,9,2024-02-19,2,21.27,42.54,2
164,7227,33,2024-02-04,1,51.75,51.75,2
165,7368,8,2024-02-06,4,106.22,424.88,2
166,7372,30,2024-02-07,1,21.03,21.03,2
167,7376,26,2024-02-01,1,26.94,26.94,2
168,7481,28,2024-02-18,1,74.92,74.92,2
169,7489,31,2024-02-08,1,37.16,37.16,2
170,7491,24,2024-02-26,1,15.95,15.95,2
171,7556,36,2024-02-16,1,14.66,14.66,2
172,7695,33,2024-02-19,1,58.0,58.0,2
173,7725,22,2024-02-08,1,15.83,15.83,2
174,7769,13,2024-02-07,1,192.69,192.69,2
175,7806,7,2024-02-24,1,91.09,91.09,2
176,7814,19,2024-02-05,1,17.01,17.01,2
177,7817,15,2024-02-01,1,48.36,48.36,2
178,7832,19,2024-02-21,3,16.81,50.43,2
179,7871,8,2024-02-18,2,120.8,241.6,2
180,7907,18,2024-02-09,1,19.85,19.85,2
181,7918,14,2024-02-01,1,103.44,103.44,2
182,7935,8,2024-02-17,2,118.05,236.1,2
183,7998,29,2024-02-14,2,37.5,75.0,2
184,8003,6,2024-02-18,1,73.5,73.5,2
185,8032,25,2024-02-15,3,43.79,131.37,2
186,8143,23,2024-02-24,1,10.88,10.88,2
187,8148,16,2024-02-25,2,39.52,79.04,2
188,8157,23,2024-02-16,1,9.7,9.7,2
189,8314,10,2024-02-07,1,56.35,56.35,2
190,8332,7,2024-02-09,1,88.57,88.57,2
191,8395,12,2024-02-29,4,23.8,95.2,2
192,8458,22,2024-02-02,1,17.19,17.19,2
193,8462,9,2024-02-17,1,20.74,20.74,2
194,8615,19,2024-02-09,1,18.89,18.89,2
195,8672,34,2024-02-07,1,23.44,23.44,2
196,8696,30,2024-02-19,1,21.04,21.04,2
197,8724,29,2024-02-04,1,36.21,36.21,2
198,8745,2,2024-02-20,2,71.86,143.72,2
199,8749,9,2024-02-25,1,22.16,22.16,2
200,8783,8,2024-02-11,1,109.94,109.94,2
201,8792,17,2024-02-02,1,70.6,70.6,2
202,8882,32,2024-02-27,1,25.44,25.44,2
203,8912,12,2024-02-06,1,23.64,23.64,2
204,8960,5,2024-02-24,1,96.82,96.82,2
205,9068,23,2024-02-02,3,10.13,30.39,2
206,9174,25,2024-02-29,2,44.63,89.26,2
207,9187,11,2024-02-29,1,32.62,32.62,2
208,9192,32,2024-02-01,1,30.47,30.47,2
209,9201,10,2024-02-27,1,55.84,55.84,2
210,9225,14,2024-02-27,1,90.9,90.9,2
211,9232,31,2024-02-16,1,36.1,36.1,2
212,9241,6,2024-02-22,2,66.46,132.92,2
213,9316,23,2024-02-24,1,9.15,9.15,2
214,9332,16,2024-02-04,2,38.97,77.94,2
215,9395,34,2024-02-07,1,20.65,20.65,2
216,9406,27,2024-02-28,3,147.79,443.37,2
217,9504,21,2024-02-29,1,33.13,33.13,2
218,9516,31,2024-02-04,2,30.94,61.88,2
219,9521,8,2024-02-18,1,107.06,107.06,2
220,9584,34,2024-02-04,1,23.73,23.73,2
221,9668,11,2024-02-18,1,36.72,36.72,2
222,9727,17,2024-02-26,1,61.75,61.75,2
223,9735,33,2024-02-27,1,55.4,55.4,2
224,9867,21,2024-02-07,1,31.66,31.66,2
225,9875,2,2024-02-16,2,80.79,161.58,2
226,9907,25,2024-02-17,1,37.82,37.82,2
227,9975,14,2024-02-02,1,94.44,94.44,2
228,9982,29,2024-02-03,1,35.76,35.76,2
229,10100,12,2024-02-08,2,23.6,47.2,2
230,10139,24,2024-02-02,2,14.65,29.3,2
231,10143,24,2024-02-16,1,14.46,14.46,2
232,10158,23,2024-02-29,3,9.1,27.3,2
233,10189,21,2024-02-24,1,31.57,31.57,2
234,10210,2,2024-02-04,1,72.62,72.62,2
235,10217,25,2024-02-29,1,40.16,40.16,2
236,10229,26,2024-02-11,2,27.25,54.5,2
237,10242,24,2024-02-12,1,13.87,13.87,2
238,10275,34,2024-02-07,1,21.76,21.76,2
239,10278,15,2024-02-04,2,49.44,98.88,2
240,10319,31,2024-02-24,2,31.32,62.64,2
241,10329,25,2024-02-08,1,44.08,44.08,2
242,10334,33,2024-02-07,2,55.68,111.36,2
243,10377,13,2024-02-15,2,184.32,368.64,2
244,10410,22,2024-02-22,1,17.4,17.4,2
245,10594,35,2024-02-10,1,37.6,37.6,2
246,10645,2,2024-03-13,1,77.29,77.29,3
247,10683,6,2024-03-03,2,68.13,136.26,3
248,10771,35,2024-03-30,1,40.36,40.36,3
249,10783,35,2024-03-05,1,40.07,40.07,3
250,10972,23,2024-03-08,1,9.22,9.22,3
251,11011,32,2024-03-17,1,29.96,29.96,3
252,11053,20,2024-03-08,1,15.58,15.58,3
253,11056,6,2024-03-19,1,73.26,73.26,3
254,11105,35,2024-03-26,1,38.12,38.12,3
255,11172,32,2024-03-14,1,27.18,27.18,3
256,11247,35,2024-03-07,1,35.45,35.45,3
257,11304,16,2024-03-29,1,37.32,37.32,3
258,11411,12,2024-03-26,2,26.03,52.06,3
259,11431,28,2024-03-23,2,69.04,138.08,3
260,11474,30,2024-03-28,1,20.11,20.11,3
261,11476,23,2024-03-20,2,9.67,19.34,3
262,11543,25,2024-03-12,1,45.58,45.58,3
263,11545,29,2024-03-18,1,37.9,37.9,3
264,11554,31,2024-03-28,1,30.85,30.85,3
265,11566,13,2024-03-03,2,175.52,351.04,3
266,11596,14,2024-03-28,1,108.09,108.09,3
267,11655,4,2024-03-08,1,52.23,52.23,3
268,11676,25,2024-03-29,2,38.39,76.78,3
269,11711,16,2024-03-26,2,40.15,80.3,3
270,11720,23,2024-03-29,1,10.89,10.89,3
271,11735,33,2024-03-25,2,58.33,116.66,3
272,11756,33,2024-03-23,1,57.43,57.43,3
273,11785,29,2024-03-02,1,37.98,37.98,3
274,11808,33,2024-03-27,1,60.17,60.17,3
275,11821,1,2024-03-15,1,194.72,194.72,3
276,11953,24,2024-03-31,1,14.57,14.57,3
277,11977,19,2024-03-19,1,17.44,17.44,3
278,11992,7,2024-03-20,1,86.92,86.92,3
279,12013,20,2024-03-24,2,15.42,30.84,3
280,12064,29,2024-03-17,1,37.91,37.91,3
281,12082,26,2024-03-21,1,25.61,25.61,3
282,12100,21,2024-03-15,1,29.74,29.74,3
283,12176,17,2024-03-21,1,63.48,63.48,3
284,12190,21,2024-03-16,1,28.98,28.98,3
285,12343,31,2024-03-20,1,34.55,34.55,3
286,12488,30,2024-03-02,1,21.72,21.72,3
287,12537,24,2024-03-16,3,16.22,48.66,3
288,12758,24,2024-03-01,1,13.58,13.58,3
289,12781,10,2024-03-09,2,54.41,108.82,3
290,12788,16,2024-03-18,1,38.46,38.46,3
291,12794,30,2024-03-16,1,23.22,23.22,3
292,12830,21,2024-03-05,1,30.64,30.64,3
293,12875,12,2024-03-01,2,23.03,46.06,3
294,12892,35,2024-03-24,1,38.54,38.54,3
295,12929,24,2024-03-13,1,14.07,14.07,3
296,13005,33,2024-03-25,1,56.73,56.73,3
297,13033,23,2024-03-16,1,10.22,10.22,3
298,13071,13,2024-03-07,1,172.03,172.03,3
299,13079,22,2024-03-24,1,18.33,18.33,3
300,13116,26,2024-03-03,2,25.35,50.7,3
301,13213,22,2024-03-14,2,16.66,33.32,3
302,13248,29,2024-03-28,1,37.75,37.75,3
303,13267,27,2024-03-29,2,161.45,322.9,3
304,13339,22,2024-03-30,1,17.9,17.9,3
305,13362,34,2024-03-22,1,23.62,23.62,3
306,13549,18,2024-03-18,4,22.3,89.2,3
307,13551,5,2024-03-24,1,94.94,94.94,3
308,13560,6,2024-03-21,1,64.69,64.69,3
309,13569,21,2024-03-07,1,34.97,34.97,3
310,13587,18,2024-03-01,1,20.68,20.68,3
311,13643,22,2024-03-06,3,16.06,48.18,3
312,13720,31,2024-03-12,1,36.57,36.57,3
313,13723,27,2024-03-12,1,147.85,147.85,3
314,13792,15,2024-03-01,1,48.65,48.65,3
315,13811,30,2024-03-22,1,23.0,23.0,3
316,13832,28,2024-03-03,2,69.68,139.36,3
317,13929,24,2024-03-27,1,15.53,15.53,3
318,13930,36,2024-03-22,1,17.18,17.18,3
319,13937,14,2024-03-21,1,91.44,91.44,3
320,13948,1,2024-03-14,1,191.01,191.01,3
321,13969,32,2024-03-09,2,29.17,58.34,3
322,14025,28,2024-03-26,1,72.05,72.05,3
323,14119,3,2024-03-22,2,160.65,321.3,3
324,14199,30,2024-03-19,2,20.19,40.38,3
325,14227,25,2024-03-29,2,45.66,91.32,3
326,14248,23,2024-03-11,1,10.51,10.51,3
327,14261,33,2024-03-03,2,60.07,120.14,3
328,14268,3,2024-03-29,1,139.96,139.96,3
329,14291,13,2024-03-20,1,199.49,199.49,3
330,14438,3,2024-03-26,1,143.17,143.17,3
331,14522,1,2024-03-11,1,172.89,172.89,3
332,14587,22,2024-03-09,1,17.6,17.6,3
333,14634,21,2024-03-14,2,33.39,66.78,3
334,14653,27,2024-03-27,1,160.84,160.84,3
335,14683,4,2024-03-10,1,51.61,51.61,3
336,14704,12,2024-03-09,4,24.3,97.2,3
337,14714,18,2024-03-03,1,23.42,23.42,3
338,14744,16,2024-03-10,2,39.61,79.22,3
339,14776,15,2024-03-20,1,49.48,49.48,3
340,14784,32,2024-03-12,1,29.0,29.0,3
341,14843,18,2024-03-26,1,19.88,19.88,3
342,14867,7,2024-03-04,1,92.1,92.1,3
343,14915,21,2024-03-24,1,30.11,30.11,3
344,14956,25,2024-03-26,1,39.46,39.46,3
345,14963,21,2024-03-21,2,31.58,63.16,3
346,15007,7,2024-03-10,1,102.59,102.59,3
347,15044,28,2024-03-05,1,74.82,74.82,3
348,15133,2,2024-03-28,2,76.47,152.94,3
349,15181,20,2024-03-04,2,16.64,33.28,3
350,15190,19,2024-03-09,1,18.65,18.65,3
351,15214,4,2024-03-17,1,51.4,51.4,3
352,15305,22,2024-03-29,1,17.19,17.19,3
353,15378,33,2024-03-13,1,52.4,52.4,3
354,15408,5,2024-03-07,1,93.32,93.32,3
355,15423,11,2024-03-17,1,34.54,34.54,3
356,15425,4,2024-03-08,1,51.26,51.26,3
357,15547,23,2024-03-28,1,10.24,10.24,3
358,15553,25,2024-03-20,2,42.79,85.58,3
359,15555,6,2024-03-15,1,70.42,70.42,3
360,15562,26,2024-03-13,2,26.29,52.58,3
361,15568,25,2024-03-08,1,40.24,40.24,3
362,15589,8,2024-03-28,2,113.67,227.34,3
363,15670,25,2024-03-13,1,40.46,40.46,3
364,15830,19,2024-03-28,1,17.43,17.43,3
365,15873,5,2024-03-26,1,92.32,92.32,3
366,15944,35,2024-03-21,1,37.2,37.2,3
367,15971,12,2024-03-26,1,24.62,24.62,3
368,16054,24,2024-03-08,1,13.82,13.82,3
369,16064,33,2024-03-04,1,49.88,49.88,3
370,16313,9,2024-03-25,1,23.67,23.67,3
371,16333,33,2024-03-24,4,50.63,202.52,3
372,16345,23,2024-03-01,1,10.42,10.42,3
373,16362,35,2024-04-06,2,38.8,77.6,4
374,16373,30,2024-04-04,1,24.15,24.15,4
375,16387,19,2024-04-21,1,19.22,19.22,4
376,16425,25,2024-04-18,1,38.78,38.78,4
377,16466,31,2024-04-24,1,34.28,34.28,4
378,16497,19,2024-04-29,3,17.54,52.62,4
379,16529,2,2024-04-21,1,77.41,77.41,4
380,16542,33,2024-04-04,3,51.38,154.14,4
381,16573,21,2024-04-01,1,32.27,32.27,4
382,16576,9,2024-04-13,2,20.46,40.92,4
383,16597,36,2024-04-03,1,17.22,17.22,4
384,16604,24,2024-04-01,1,13.8,13.8,4
385,16621,13,2024-04-27,1,196.72,196.72,4
386,16675,35,2024-04-25,2,41.38,82.76,4
387,16787,33,2024-04-23,2,50.64,101.28,4
388,16828,27,2024-04-24,1,173.81,173.81,4
389,16901,25,2024-04-17,1,42.47,42.47,4
390,16905,4,2024-04-29,2,48.9,97.8,4
391,16926,14,2024-04-04,1,97.95,97.95,4
392,16956,10,2024-04-12,4,55.51,222.04,4
393,17030,23,2024-04-20,1,9.56,9.56,4
394,17100,22,2024-04-30,3,17.86,53.58,4
395,17134,2,2024-04-02,4,75.97,303.88,4
396,17159,24,2024-04-07,1,16.08,16.08,4
397,17182,12,2024-04-30,1,25.25,25.25,4
398,17251,11,2024-04-29,1,38.1,38.1,4
399,17391,30,2024-04-19,1,23.08,23.08,4
400,17393,20,2024-04-29,2,14.72,29.44,4
401,17405,34,2024-04-20,1,22.37,22.37,4
402,17464,18,2024-04-15,1,20.15,20.15,4
403,17498,12,2024-04-01,1,24.99,24.99,4
404,17660,24,2024-04-13,1,15.71,15.71,4
405,17707,20,2024-04-10,1,14.84,14.84,4
406,17771,13,2024-04-02,1,178.03,178.03,4
407,17784,21,2024-04-25,1,33.61,33.61,4
408,17796,36,2024-04-24,1,16.69,16.69,4
409,17797,34,2024-04-16,3,19.92,59.76,4
410,17802,32,2024-04-22,2,29.93,59.86,4
411,17849,25,2024-04-09,1,46.01,46.01,4
412,17902,32,2024-04-04,1,30.63,30.63,4
413,17927,19,2024-04-13,1,18.41,18.41,4
414,17940,11,2024-04-21,3,35.29,105.87,4
415,18039,23,2024-04-01,1,10.17,10.17,4
416,18273,34,2024-04-11,1,20.65,20.65,4
417,18358,27,2024-04-24,1,164.38,164.38,4
418,18359,26,2024-04-19,2,25.43,50.86,4
419,18370,25,2024-04-30,1,41.1,41.1,4
420,18374,7,2024-04-10,1,91.79,91.79,4
421,18457,19,2024-04-19,1,18.81,18.81,4
422,18477,13,2024-04-20,3,184.33,552.99,4
423,18533,18,2024-04-04,1,20.32,20.32,4
424,18659,4,2024-04-03,1,48.74,48.74,4
425,18795,11,2024-04-26,1,36.89,36.89,4
426,18803,27,2024-04-18,1,159.35,159.35,4
427,19041,25,2024-04-06,1,41.27,41.27,4
428,19048,32,2024-04-18,1,28.0,28.0,4
429,19091,12,2024-04-28,3,25.76,77.28,4
430,19197,18,2024-04-01,1,20.23,20.23,4
431,19253,22,2024-04-21,1,15.33,15.33,4
432,19259,19,2024-04-24,1,18.44,18.44,4
433,19369,26,2024-04-21,3,27.04,81.12,4
434,19370,32,2024-04-06,1,26.72,26.72,4
435,19402,21,2024-04-08,1,33.75,33.75,4
436,19473,21,2024-04-16,1,31.58,31.58,4
437,19529,19,2024-04-07,1,18.42,18.42,4
438,19557,36,2024-04-11,1,15.43,15.43,4
439,19591,3,2024-04-17,1,146.44,146.44,4
440,19725,25,2024-04-08,1,42.23,42.23,4
441,19743,30,2024-04-05,4,20.23,80.92,4
442,19810,20,2024-04-16,1,16.49,16.49,4
443,19815,26,2024-04-02,1,30.05,30.05,4
444,19838,36,2024-04-08,1,15.54,15.54,4
445,19909,27,2024-04-14,2,163.82,327.64,4
446,19932,1,2024-04-30,1,203.29,203.29,4
447,19974,28,2024-04-21,1,74.41,74.41,4
448,19980,21,2024-04-23,2,30.02,60.04,4
449,20024,29,2024-04-16,1,37.91,37.91,4
450,20041,34,2024-04-22,1,23.86,23.86,4
451,20075,33,2024-04-28,1,57.89,57.89,4
452,20083,15,2024-04-20,1,46.35,46.35,4
453,20150,7,2024-04-08,1,95.88,95.88,4
454,20168,35,2024-04-09,2,40.88,81.76,4
455,20191,34,2024-04-23,2,23.83,47.66,4
456,20205,22,2024-04-25,2,16.97,33.94,4
457,20220,30,2024-04-11,4,23.36,93.44,4
458,20259,19,2024-04-22,1,19.29,19.29,4
459,20280,20,2024-04-16,2,15.68,31.36,4
460,20312,15,2024-04-14,1,47.09,47.09,4
461,20325,36,2024-04-23,1,16.94,16.94,4
462,20391,7,2024-04-07,1,85.71,85.71,4
463,20452,1,2024-04-27,1,205.84,205.84,4
464,20552,35,2024-04-30,2,41.5,83.0,4
465,20585,22,2024-04-02,1,16.92,16.92,4
466,20697,30,2024-04-09,1,21.84,21.84,4
467,20701,10,2024-04-02,1,55.2,55.2,4
468,20708,32,2024-04-13,1,30.77,30.77,4
469,20720,14,2024-04-08,1,91.5,91.5,4
470,20758,32,2024-04-29,2,26.83,53.66,4
471,20839,34,2024-04-10,2,21.24,42.48,4
472,20860,20,2024-04-28,1,14.46,14.46,4
473,20864,35,2024-04-12,3,34.65,103.95,4
474,20970,36,2024-04-12,2,15.57,31.14,4
475,21029,22,2024-04-24,1,18.67,18.67,4
476,21037,27,2024-04-04,2,165.71,331.42,4
477,21234,34,2024-04-13,1,21.29,21.29,4
478,21397,21,2024-04-25,3,33.91,101.73,4
479,21474,14,2024-04-24,1,104.24,104.24,4
480,21611,33,2024-04-27,1,55.81,55.81,4
481,21627,23,2024-04-26,2,10.54,21.08,4
482,21746,25,2024-04-19,1,41.14,41.14,4
483,21756,24,2024-04-19,2,15.37,30.74,4
484,21761,2,2024-04-19,1,77.58,77.58,4
485,21834,23,2024-04-07,1,9.85,9.85,4
486,21864,27,2024-04-03,1,173.66,173.66,4
487,21915,23,2024-04-09,1,10.64,10.64,4
488,21922,4,2024-04-07,1,50.77,50.77,4
489,21925,13,2024-04-12,2,207.41,414.82,4
490,21932,33,2024-04-02,1,54.82,54.82,4
491,21933,23,2024-04-17,2,10.98,21.96,4
492,22015,21,2024-04-20,1,32.81,32.81,4
493,22018,21,2024-04-12,2,34.64,69.28,4
494,22049,23,2024-04-21,1,9.17,9.17,4
495,22108,5,2024-04-20,1,81.01,81.01,4
496,22159,33,2024-04-05,3,52.07,156.21,4
497,22193,36,2024-05-19,1,16.25,16.25,5
498,22204,19,2024-05-06,2,18.23,36.46,5
499,22233,13,2024-05-22,1,197.2,197.2,5
500,22240,21,2024-05-25,1,29.28,29.28,5
501,22296,24,2024-05-25,1,14.17,14.17,5
502,22467,19,2024-05-22,1,17.8,17.8,5
503,22552,9,2024-05-07,1,20.25,20.25,5
504,22596,18,2024-05-11,1,22.33,22.33,5
505,22688,1,2024-05-20,2,198.76,397.52,5
506,22705,20,2024-05-05,1,16.17,16.17,5
507,22772,7,2024-05-23,2,103.86,207.72,5
508,22808,21,2024-05-04,1,29.01,29.01,5
509,22902,24,2024-05-28,2,16.06,32.12,5
510,22963,15,2024-05-18,1,43.38,43.38,5
511,22971,31,2024-05-12,1,35.75,35.75,5
512,23023,8,2024-05-15,1,115.91,115.91,5
513,23025,34,2024-05-18,1,22.06,22.06,5
514,23052,24,2024-05-23,1,15.99,15.99,5
515,23061,28,2024-05-06,3,78.45,235.35,5
516,23134,33,2024-05-14,4,52.39,209.56,5
517,23240,22,2024-05-30,1,17.04,17.04,5
518,23252,17,2024-05-03,3,70.91,212.73,5
519,23325,20,2024-05-11,1,17.11,17.11,5
520,23350,20,2024-05-28,1,14.48,14.48,5
521,23580,29,2024-05-10,3,37.89,113.67,5
522,23589,26,2024-05-17,1,29.24,29.24,5
523,23682,26,2024-05-20,1,29.79,29.79,5
524,23712,13,2024-05-21,1,193.12,193.12,5
525,23850,18,2024-05-26,2,19.83,39.66,5
526,23871,18,2024-05-01,1,23.52,23.52,5
527,23928,27,2024-05-22,1,151.21,151.21,5
528,23978,3,2024-05-16,2,152.33,304.66,5
529,24022,33,2024-05-31,1,56.71,56.71,5
530,24030,27,2024-05-29,1,149.04,149.04,5
531,24053,10,2024-05-26,2,57.03,114.06,5
532,24130,30,2024-05-25,1,20.89,20.89,5
533,24253,29,2024-05-30,1,33.3,33.3,5
534,24280,22,2024-05-19,1,16.35,16.35,5
535,24310,12,2024-05-06,2,22.59,45.18,5
536,24313,32,2024-05-21,1,25.42,25.42,5
537,24353,33,2024-05-01,2,58.43,116.86,5
538,24366,27,2024-05-27,1,166.57,166.57,5
539,24408,30,2024-05-21,1,21.81,21.81,5
540,24438,7,2024-05-22,1,103.7,103.7,5
541,24475,12,2024-05-31,1,25.51,25.51,5
542,24480,29,2024-05-01,2,34.23,68.46,5
543,24499,16,2024-05-27,1,34.24,34.24,5
544,24511,25,2024-05-05,2,44.33,88.66,5
545,24630,23,2024-05-03,1,9.7,9.7,5
546,24657,24,2024-05-21,1,15.85,15.85,5
547,24740,20,2024-05-04,1,14.66,14.66,5
548,24880,8,2024-05-14,1,116.6,116.6,5
549,24882,36,2024-05-06,2,16.5,33.0,5
550,24940,17,2024-05-29,3,67.78,203.34,5
551,24944,9,2024-05-29,1,19.94,19.94,5
552,24995,4,2024-05-30,1,47.7,47.7,5
553,25020,34,2024-05-15,4,22.33,89.32,5
554,25030,27,2024-05-09,1,163.86,163.86,5
555,25060,28,2024-05-05,1,68.48,68.48,5
556,25069,20,2024-05-14,1,17.33,17.33,5
557,25112,19,2024-05-03,1,16.64,16.64,5
558,25244,14,2024-05-11,1,102.13,102.13,5
559,25294,19,2024-05-29,2,18.33,36.66,5
560,25309,35,2024-05-26,2,40.66,81.32,5
561,25318,25,2024-05-12,1,43.06,43.06,5
562,25336,6,2024-05-01,1,70.97,70.97,5
563,25365,15,2024-05-18,1,45.28,45.28,5
564,25464,7,2024-05-15,1,92.24,92.24,5
565,25476,23,2024-05-19,1,9.27,9.27,5
566,25477,33,2024-05-03,1,57.0,57.0,5
567,25485,23,2024-05-29,1,10.31,10.31,5
568,25492,36,2024-05-26,1,15.02,15.02,5
569,25494,17,2024-05-15,1,62.83,62.83,5
570,25519,9,2024-05-29,3,23.39,70.17,5
571,25542,28,2024-05-22,1,80.25,80.25,5
572,25549,25,2024-05-13,1,43.21,43.21,5
573,25618,19,2024-05-13,1,16.26,16.26,5
574,25638,31,2024-05-09,1,35.28,35.28,5
575,25713,26,2024-05-01,1,28.65,28.65,5
576,25749,34,2024-05-21,1,20.1,20.1,5
577,25754,10,2024-05-14,2,62.24,124.48,5
578,25756,32,2024-05-25,1,28.5,28.5,5
579,25864,24,2024-05-08,4,14.26,57.04,5
580,25899,6,2024-05-21,1,72.64,72.64,5
581,25943,4,2024-05-13,1,50.49,50.49,5
582,26020,26,2024-05-23,1,30.41,30.41,5
583,26129,33,2024-05-29,1,59.91,59.91,5
584,26162,6,2024-05-18,1,69.32,69.32,5
585,26198,30,2024-05-10,2,22.52,45.04,5
586,26237,32,2024-05-16,1,27.51,27.51,5
587,26261,32,2024-05-18,3,29.57,88.71,5
588,26266,33,2024-05-21,1,54.26,54.26,5
589,26276,20,2024-05-28,1,16.32,16.32,5
590,26281,27,2024-05-27,1,170.69,170.69,5
591,26311,34,2024-05-21,2,21.97,43.94,5
592,26320,2,2024-05-26,1,81.43,81.43,5
593,26385,32,2024-05-27,1,26.32,26.32,5
594,26478,19,2024-05-04,3,19.51,58.53,5
595,26554,34,2024-05-29,1,21.12,21.12,5
596,26564,13,2024-05-15,1,179.59,179.59,5
597,26581,32,2024-05-19,1,25.94,25.94,5
598,26610,26,2024-05-21,1,29.16,29.16,5
599,26646,16,2024-05-26,2,40.01,80.02,5
600,26685,23,2024-05-31,1,9.27,9.27,5
601,26710,27,2024-05-21,4,162.66,650.64,5
602,26747,20,2024-05-05,1,16.72,16.72,5
603,26776,4,2024-05-16,1,44.49,44.49,5
604,26797,22,2024-05-06,1,15.88,15.88,5
605,26896,25,2024-05-08,1,41.9,41.9,5
606,26918,27,2024-05-16,1,158.83,158.83,5
607,26922,34,2024-05-28,2,22.14,44.28,5
608,26939,13,2024-05-05,3,190.31,570.93,5
609,26957,21,2024-05-20,3,33.55,100.65,5
610,26960,24,2024-05-13,2,15.38,30.76,5
611,26964,30,2024-05-30,2,22.31,44.62,5
612,27048,21,2024-05-13,2,33.43,66.86,5
613,27117,21,2024-05-17,1,34.58,34.58,5
614,27185,33,2024-05-30,3,59.31,177.93,5
615,27274,35,2024-05-17,1,35.93,35.93,5
616,27434,18,2024-05-31,1,21.2,21.2,5
617,27444,11,2024-05-14,1,38.43,38.43,5
618,27456,32,2024-05-06,2,27.18,54.36,5
619,27498,30,2024-05-24,2,20.13,40.26,5
620,27541,28,2024-05-09,2,68.36,136.72,5
621,27597,17,2024-05-16,3,68.29,204.87,5
622,27621,24,2024-05-30,1,15.08,15.08,5
623,27660,32,2024-05-26,1,27.37,27.37,5
624,27675,13,2024-05-06,2,173.35,346.7,5
625,27715,29,2024-05-02,2,33.43,66.86,5
626,27862,21,2024-05-23,1,31.78,31.78,5
627,27863,25,2024-05-29,2,45.65,91.3,5
628,27939,27,2024-05-08,1,143.49,143.49,5
629,28149,17,2024-05-31,3,58.67,176.01,5
630,28166,12,2024-05-30,1,23.18,23.18,5
631,28197,26,2024-05-08,3,26.44,79.32,5
632,28256,1,2024-05-22,2,204.78,409.56,5
633,28381,23,2024-05-26,1,9.9,9.9,5
634,28396,34,2024-05-13,2,20.41,40.82,5
635,28421,23,2024-05-18,4,9.52,38.08,5
636,28463,1,2024-05-14,2,181.88,363.76,5
637,28466,35,2024-05-12,2,38.77,77.54,5
638,28490,27,2024-05-18,2,159.91,319.82,5
639,28515,30,2024-05-15,1,21.22,21.22,5
640,28624,22,2024-05-05,4,16.87,67.48,5
641,28655,21,2024-06-16,1,33.34,33.34,6
642,28861,23,2024-06-01,1,9.58,9.58,6
643,28884,36,2024-06-23,1,16.85,16.85,6
644,28952,34,2024-06-15,2,20.27,40.54,6
645,29039,23,2024-06-15,3,9.3,27.9,6
646,29056,21,2024-06-02,4,29.49,117.96,6
647,29083,21,2024-06-08,1,34.45,34.45,6
648,29116,9,2024-06-25,2,23.16,46.32,6
649,29120,21,2024-06-19,3,30.27,90.81,6
650,29166,19,2024-06-27,1,17.55,17.55,6
651,29225,23,2024-06-13,3,9.05,27.15,6
652,29308,19,2024-06-09,1,16.73,16.73,6
653,29372,22,2024-06-13,1,15.46,15.46,6
654,29416,30,2024-06-09,1,23.71,23.71,6
655,29455,10,2024-06-09,2,54.79,109.58,6
656,29477,25,2024-06-26,1,42.8,42.8,6
657,29507,7,2024-06-13,2,91.6,183.2,6
658,29510,27,2024-06-20,1,172.91,172.91,6
659,29540,36,2024-06-30,1,17.59,17.59,6
660,29625,12,2024-06-06,1,21.81,21.81,6
661,29627,25,2024-06-04,2,44.64,89.28,6
662,29713,24,2024-06-07,1,14.02,14.02,6
663,29723,23,2024-06-18,1,9.11,9.11,6
664,29754,19,2024-06-01,2,19.15,38.3,6
665,29757,30,2024-06-15,1,22.96,22.96,6
666,29780,24,2024-06-24,2,15.38,30.76,6
667,29790,36,2024-06-02,1,14.79,14.79,6
668,29909,34,2024-06-01,3,21.93,65.79,6
669,29935,21,2024-06-19,1,28.96,28.96,6
670,29961,4,2024-06-13,1,51.52,51.52,6
671,30009,36,2024-06-26,1,15.4,15.4,6
672,30052,1,2024-06-23,1,181.13,181.13,6
673,30146,16,2024-06-05,1,34.84,34.84,6
674,30154,9,2024-06-01,1,22.79,22.79,6
675,30157,12,2024-06-06,2,24.44,48.88,6
676,30167,20,2024-06-21,1,14.61,14.61,6
677,30187,23,2024-06-14,3,9.48,28.44,6
678,30270,4,2024-06-13,1,47.61,47.61,6
679,30286,35,2024-06-04,1,38.58,38.58,6
680,30344,27,2024-06-18,2,171.28,342.56,6
681,30385,21,2024-06-25,3,31.27,93.81,6
682,30438,35,2024-06-03,2,40.66,81.32,6
683,30440,35,2024-06-06,4,38.48,153.92,6
684,30443,26,2024-06-09,2,28.62,57.24,6
685,30469,9,2024-06-17,1,24.2,24.2,6
686,30481,2,2024-06-27,1,83.33,83.33,6
687,30502,33,2024-06-23,1,56.42,56.42,6
688,30669,22,2024-06-10,1,17.28,17.28,6
689,30800,23,2024-06-13,2,10.8,21.6,6
690,30862,13,2024-06-20,1,185.86,185.86,6
691,30920,13,2024-06-15,1,176.82,176.82,6
692,30926,19,2024-06-10,1,17.68,17.68,6
693,30946,35,2024-06-09,1,34.35,34.35,6
694,30971,34,2024-06-05,1,23.57,23.57,6
695,31019,23,2024-06-26,2,9.68,19.36,6
696,31030,30,2024-06-11,1,24.16,24.16,6
697,31053,28,2024-06-03,1,81.04,81.04,6
698,31187,22,2024-06-11,3,16.22,48.66,6
699,31210,9,2024-06-13,1,23.55,23.55,6
700,31220,23,2024-06-24,2,10.0,20.0,6
701,31236,27,2024-06-10,3,150.25,450.75,6
702,31254,12,2024-06-27,1,25.54,25.54,6
703,31271,23,2024-06-19,1,10.86,10.86,6
704,31273,19,2024-06-18,1,18.6,18.6,6
705,31330,20,2024-06-12,1,16.01,16.01,6
706,31383,3,2024-06-18,1,151.7,151.7,6
707,31443,25,2024-06-27,1,44.52,44.52,6
708,31481,23,2024-06-13,2,10.9,21.8,6
709,31517,21,2024-06-29,3,31.82,95.46,6
710,31543,13,2024-06-03,1,202.06,202.06,6
711,31551,3,2024-06-07,1,156.43,156.43,6
712,31580,22,2024-06-30,2,16.31,32.62,6
713,31589,14,2024-06-08,3,103.07,309.21,6
714,31600,16,2024-06-18,1,38.38,38.38,6
715,31627,3,2024-06-15,1,143.64,143.64,6
716,31754,3,2024-06-02,1,149.84,149.84,6
717,31773,17,2024-06-30,1,70.98,70.98,6
718,31776,21,2024-06-23,1,32.71,32.71,6
719,31785,36,2024-06-21,1,16.54,16.54,6
720,31794,32,2024-06-07,2,29.76,59.52,6
721,31859,21,2024-06-02,1,32.57,32.57,6
722,31873,23,2024-06-07,1,9.05,9.05,6
723,31917,20,2024-06-01,2,15.85,31.7,6
724,32037,18,2024-06-30,1,21.28,21.28,6
725,32095,34,2024-06-11,2,20.85,41.7,6
726,32183,13,2024-06-16,1,192.28,192.28,6
727,32207,8,2024-06-22,1,108.87,108.87,6
728,32354,15,2024-06-08,1,46.93,46.93,6
729,32405,27,2024-06-06,2,143.39,286.78,6
730,32439,27,2024-06-09,3,155.93,467.79,6
731,32452,8,2024-06-01,2,121.15,242.3,6
732,32476,3,2024-06-05,4,163.54,654.16,6
733,32603,21,2024-06-04,1,33.19,33.19,6
734,32637,8,2024-06-04,1,123.56,123.56,6
735,32658,12,2024-06-19,1,23.48,23.48,6
736,32735,36,2024-06-04,1,17.0,17.0,6
737,32898,21,2024-06-25,1,31.85,31.85,6
738,32928,28,2024-06-18,1,69.24,69.24,6
739,32936,7,2024-06-14,1,92.09,92.09,6
740,32999,20,2024-06-23,1,16.7,16.7,6
741,33094,17,2024-06-10,1,63.62,63.62,6
742,33214,12,2024-06-24,4,25.97,103.88,6
743,33231,31,2024-06-24,1,35.56,35.56,6
744,33258,25,2024-06-15,2,45.28,90.56,6
745,33322,11,2024-06-01,2,36.44,72.88,6
746,33360,1,2024-06-25,1,199.82,199.82,6
747,33402,21,2024-06-13,1,30.13,30.13,6
748,33428,32,2024-06-24,4,29.06,116.24,6
749,33436,23,2024-06-25,2,9.12,18.24,6
750,33451,24,2024-06-06,2,13.57,27.14,6
751,33480,1,2024-06-18,1,196.35,196.35,6
752,33491,24,2024-06-24,1,14.49,14.49,6
753,33599,3,2024-06-28,1,161.27,161.27,6
754,33646,15,2024-06-11,2,41.85,83.7,6
755,33673,19,2024-06-19,1,17.92,17.92,6
756,33707,36,2024-06-01,1,15.96,15.96,6
757,33709,29,2024-06-26,1,36.79,36.79,6
758,33765,28,2024-06-06,1,82.39,82.39,6
759,33800,32,2024-06-23,1,26.65,26.65,6
760,33841,16,2024-06-10,1,40.76,40.76,6
761,33873,13,2024-06-03,1,194.32,194.32,6
762,33889,32,2024-06-29,1,27.72,27.72,6
763,33905,26,2024-06-09,1,26.68,26.68,6
764,33911,23,2024-06-13,1,10.86,10.86,6
765,34023,10,2024-06-20,1,55.05,55.05,6
766,34044,23,2024-06-15,1,9.65,9.65,6
767,34151,30,2024-06-01,3,20.28,60.84,6
768,34298,6,2024-06-25,1,68.87,68.87,6
769,34322,7,2024-06-24,1,90.28,90.28,6
770,34393,26,2024-06-11,1,25.3,25.3,6
771,34498,6,2024-06-28,1,68.73,68.73,6
772,34540,4,2024-06-24,1,50.04,50.04,6
773,34621,20,2024-06-18,1,14.68,14.68,6
774,34669,14,2024-06-20,2,107.07,214.14,6
775,34735,21,2024-06-25,1,34.66,34.66,6
776,34745,26,2024-06-17,2,28.59,57.18,6
777,34762,22,2024-06-22,1,17.76,17.76,6
778,34783,17,2024-06-07,1,61.38,61.38,6
779,34800,19,2024-06-30,1,18.7,18.7,6
780,34856,33,2024-06-12,1,58.07,58.07,6
781,34859,21,2024-06-04,1,32.4,32.4,6
782,34865,12,2024-06-01,1,25.26,25.26,6
783,34909,2,2024-06-03,1,79.74,79.74,6
784,34949,31,2024-06-23,1,30.74,30.74,6
785,34956,26,2024-06-04,2,27.72,55.44,6
786,35040,26,2024-06-16,1,28.45,28.45,6
787,35043,31,2024-06-02,1,35.36,35.36,6
788,35088,20,2024-06-28,3,15.8,47.4,6
789,35092,17,2024-06-09,1,63.58,63.58,6
790,35147,1,2024-07-08,2,206.81,413.62,7
791,35219,32,2024-07-10,3,27.24,81.72,7
792,35256,25,2024-07-08,1,42.96,42.96,7
793,35278,20,2024-07-30,1,16.01,16.01,7
794,35281,31,2024-07-14,1,31.34,31.34,7
795,35378,22,2024-07-12,1,17.17,17.17,7
796,35380,31,2024-07-20,1,35.98,35.98,7
797,35383,32,2024-07-11,1,28.25,28.25,7
798,35397,27,2024-07-01,1,160.66,160.66,7
799,35403,21,2024-07-31,1,30.01,30.01,7
800,35448,18,2024-07-27,1,23.48,23.48,7
801,35476,32,2024-07-26,1,29.59,29.59,7
802,35489,21,2024-07-27,3,30.39,91.17,7
803,35538,22,2024-07-02,1,15.77,15.77,7
804,35553,19,2024-07-08,2,19.58,39.16,7
805,35579,7,2024-07-22,1,102.47,102.47,7
806,35598,16,2024-07-10,1,36.62,36.62,7
807,35604,5,2024-07-24,1,85.3,85.3,7
808,35620,28,2024-07-05,1,81.45,81.45,7
809,35737,23,2024-07-30,1,10.56,10.56,7
810,35758,29,2024-07-14,2,33.62,67.24,7
811,35791,19,2024-07-13,1,16.69,16.69,7
812,35833,36,2024-07-06,4,14.73,58.92,7
813,35842,19,2024-07-11,2,18.47,36.94,7
814,35919,28,2024-07-15,2,67.71,135.42,7
815,35956,29,2024-07-28,1,36.75,36.75,7
816,35958,35,2024-07-23,1,36.7,36.7,7
817,35979,4,2024-07-03,1,45.67,45.67,7
818,36018,3,2024-07-12,1,152.14,152.14,7
819,36020,9,2024-07-18,1,22.37,22.37,7
820,36041,8,2024-07-02,1,112.82,112.82,7
821,36051,20,2024-07-17,4,14.52,58.08,7
822,36098,31,2024-07-07,1,30.91,30.91,7
823,36107,12,2024-07-20,2,25.01,50.02,7
824,36223,15,2024-07-01,3,47.38,142.14,7
825,36237,31,2024-07-29,1,32.87,32.87,7
826,36358,31,2024-07-09,3,36.87,110.61,7
827,36426,11,2024-07-25,2,34.47,68.94,7
828,36460,8,2024-07-28,4,116.68,466.72,7
829,36467,24,2024-07-12,1,13.56,13.56,7
830,36696,9,2024-07-24,1,21.16,21.16,7
831,36764,10,2024-07-09,1,62.93,62.93,7
832,36771,22,2024-07-26,2,18.5,37.0,7
833,36850,23,2024-07-29,1,9.98,9.98,7
834,36852,16,2024-07-07,3,35.04,105.12,7
835,36856,33,2024-07-16,1,59.88,59.88,7
836,36940,16,2024-07-06,1,34.37,34.37,7
837,36960,29,2024-07-10,1,34.1,34.1,7
838,37002,1,2024-07-22,1,188.69,188.69,7
839,37034,25,2024-07-26,3,39.98,119.94,7
840,37065,20,2024-07-20,1,17.14,17.14,7
841,37099,14,2024-07-22,1,96.1,96.1,7
842,37156,35,2024-07-23,1,34.74,34.74,7
843,37212,7,2024-07-17,1,88.27,88.27,7
844,37530,28,2024-07-25,3,70.06,210.18,7
845,37575,18,2024-07-22,1,22.85,22.85,7
846,37594,34,2024-07-21,1,24.12,24.12,7
847,37610,1,2024-07-10,1,189.82,189.82,7
848,37688,18,2024-07-26,1,20.0,20.0,7
849,37693,4,2024-07-18,1,48.88,48.88,7
850,37704,15,2024-07-10,1,47.35,47.35,7
851,37752,8,2024-07-12,1,115.82,115.82,7
852,37766,36,2024-07-15,1,14.94,14.94,7
853,37771,33,2024-07-21,1,50.85,50.85,7
854,37786,14,2024-07-20,1,94.01,94.01,7
855,37802,18,2024-07-29,3,20.21,60.63,7
856,37928,19,2024-07-18,2,17.57,35.14,7
857,38045,21,2024-07-01,1,31.6,31.6,7
858,38051,20,2024-07-06,1,14.69,14.69,7
859,38064,21,2024-07-25,1,31.29,31.29,7
860,38152,24,2024-07-31,1,14.15,14.15,7
861,38241,7,2024-07-11,4,91.85,367.4,7
862,38309,10,2024-07-08,3,57.16,171.48,7
863,38315,17,2024-07-26,1,67.53,67.53,7
864,38386,13,2024-07-25,2,183.88,367.76,7
865,38524,20,2024-07-22,2,15.45,30.9,7
866,38626,12,2024-07-02,1,26.14,26.14,7
867,38705,20,2024-07-09,1,16.4,16.4,7
868,38725,7,2024-07-10,1,88.39,88.39,7
869,38753,33,2024-07-09,2,59.52,119.04,7
870,38893,20,2024-07-26,1,15.46,15.46,7
871,38899,7,2024-07-10,1,91.03,91.03,7
872,38916,30,2024-07-02,1,23.8,23.8,7
873,39003,13,2024-07-07,1,174.02,174.02,7
874,39008,26,2024-07-05,1,29.85,29.85,7
875,39098,3,2024-07-21,1,144.66,144.66,7
876,39102,22,2024-07-14,1,17.11,17.11,7
877,39194,26,2024-07-14,1,28.28,28.28,7
878,39242,19,2024-07-05,1,16.75,16.75,7
879,39340,22,2024-07-19,1,16.0,16.0,7
880,39369,33,2024-07-31,1,54.0,54.0,7
881,39435,19,2024-07-10,1,17.7,17.7,7
882,39481,24,2024-07-19,1,16.4,16.4,7
883,39493,20,2024-07-20,1,15.08,15.08,7
884,39547,12,2024-07-21,1,24.35,24.35,7
885,39613,17,2024-07-16,1,59.94,59.94,7
886,39654,24,2024-07-09,2,14.18,28.36,7
887,39777,32,2024-07-28,1,30.22,30.22,7
888,39803,12,2024-07-31,2,25.36,50.72,7
889,39890,3,2024-07-17,1,149.02,149.02,7
890,39914,33,2024-07-03,1,53.69,53.69,7
891,39980,20,2024-07-19,1,15.01,15.01,7
892,40030,24,2024-07-04,1,13.76,13.76,7
893,40059,34,2024-07-18,2,21.2,42.4,7
894,40078,17,2024-07-20,1,64.16,64.16,7
895,40143,29,2024-07-14,1,36.95,36.95,7
896,40154,27,2024-07-11,2,156.83,313.66,7
897,40155,23,2024-07-16,1,9.75,9.75,7
898,40198,16,2024-07-04,1,34.41,34.41,7
899,40224,21,2024-07-29,2,31.44,62.88,7
900,40245,23,2024-07-25,2,10.0,20.0,7
901,40283,20,2024-07-02,2,15.06,30.12,7
902,40299,9,2024-07-07,3,21.21,63.63,7
903,40315,18,2024-07-29,1,20.22,20.22,7
904,40324,17,2024-07-16,1,68.57,68.57,7
905,40330,12,2024-07-20,1,25.54,25.54,7
906,40513,32,2024-07-21,1,28.92,28.92,7
907,40524,33,2024-07-17,1,59.26,59.26,7
908,40534,36,2024-07-27,1,14.67,14.67,7
909,40586,13,2024-07-14,1,197.1,197.1,7
910,40601,28,2024-07-19,1,77.9,77.9,7
911,40661,11,2024-07-30,1,37.39,37.39,7
912,40677,19,2024-07-02,1,19.3,19.3,7
913,40711,24,2024-07-23,1,14.1,14.1,7
914,40717,9,2024-07-17,2,23.54,47.08,7
915,40732,28,2024-07-20,1,72.73,72.73,7
916,40798,32,2024-07-01,1,26.07,26.07,7
917,40817,11,2024-07-03,2,36.84,73.68,7
918,40850,19,2024-07-04,2,18.76,37.52,7
919,40870,2,2024-07-03,2,81.47,162.94,7
920,40876,22,2024-07-17,4,16.52,66.08,7
921,40885,33,2024-07-18,1,58.27,58.27,7
922,40896,3,2024-07-27,1,153.48,153.48,7
923,40954,31,2024-08-27,1,32.84,32.84,8
924,41011,14,2024-08-19,1,93.62,93.62,8
925,41081,30,2024-08-25,1,22.5,22.5,8
926,41137,17,2024-08-04,3,61.91,185.73,8
927,41157,32,2024-08-13,1,27.29,27.29,8
928,41165,7,2024-08-27,1,98.26,98.26,8
929,41206,24,2024-08-28,1,16.47,16.47,8
930,41212,28,2024-08-24,1,78.53,78.53,8
931,41234,23,2024-08-24,3,9.83,29.49,8
932,41254,32,2024-08-20,2,29.88,59.76,8
933,41299,18,2024-08-02,1,24.04,24.04,8
934,41314,12,2024-08-31,2,24.93,49.86,8
935,41329,28,2024-08-27,1,76.32,76.32,8
936,41350,12,2024-08-07,1,24.7,24.7,8
937,41407,11,2024-08-26,1,37.02,37.02,8
938,41455,33,2024-08-15,1,54.32,54.32,8
939,41497,23,2024-08-30,4,9.47,37.88,8
940,41504,10,2024-08-24,2,60.68,121.36,8
941,41543,10,2024-08-30,2,52.74,105.48,8
942,41544,33,2024-08-29,1,53.02,53.02,8
943,41554,8,2024-08-27,1,114.83,114.83,8
944,41683,20,2024-08-12,2,15.56,31.12,8
945,41716,25,2024-08-13,2,42.85,85.7,8
946,41845,19,2024-08-17,3,17.45,52.35,8
947,41857,19,2024-08-27,1,16.89,16.89,8
948,41936,27,2024-08-03,1,164.21,164.21,8
949,41974,32,2024-08-18,1,25.25,25.25,8
950,42030,11,2024-08-03,1,35.81,35.81,8
951,42068,7,2024-08-11,1,104.26,104.26,8
952,42072,26,2024-08-21,1,26.55,26.55,8
953,42187,4,2024-08-14,1,53.25,53.25,8
954,42202,21,2024-08-11,3,30.53,91.59,8
955,42249,28,2024-08-14,1,71.43,71.43,8
956,42276,19,2024-08-05,4,17.22,68.88,8
957,42284,10,2024-08-10,4,62.1,248.4,8
958,42383,22,2024-08-19,1,16.29,16.29,8
959,42432,36,2024-08-10,1,15.08,15.08,8
960,42441,23,2024-08-06,1,9.77,9.77,8
961,42507,3,2024-08-31,2,142.64,285.28,8
962,42576,27,2024-08-06,1,173.1,173.1,8
963,42590,32,2024-08-16,2,29.17,58.34,8
964,42632,20,2024-08-29,1,16.04,16.04,8
965,42688,21,2024-08-26,3,35.09,105.27,8
966,42743,9,2024-08-13,2,23.38,46.76,8
967,42771,23,2024-08-25,1,10.9,10.9,8
968,42834,20,2024-08-29,1,16.68,16.68,8
969,42858,2,2024-08-30,1,72.43,72.43,8
970,42870,13,2024-08-10,1,178.49,178.49,8
971,42925,32,2024-08-16,1,30.28,30.28,8
972,43004,24,2024-08-15,1,14.4,14.4,8
973,43020,33,2024-08-22,2,51.8,103.6,8
974,43026,16,2024-08-17,1,35.75,35.75,8
975,43059,35,2024-08-10,1,37.95,37.95,8
976,43097,10,2024-08-07,2,63.44,126.88,8
977,43370,14,2024-08-26,1,101.23,101.23,8
978,43487,16,2024-08-05,3,35.1,105.3,8
979,43527,19,2024-08-29,1,19.66,19.66,8
980,43570,36,2024-08-26,2,17.17,34.34,8
981,43586,21,2024-08-30,1,30.67,30.67,8
982,43653,18,2024-08-23,2,23.75,47.5,8
983,43660,19,2024-08-13,1,19.73,19.73,8
984,43689,27,2024-08-06,2,155.77,311.54,8
985,43802,34,2024-08-25,1,21.09,21.09,8
986,43838,19,2024-08-04,1,18.58,18.58,8
987,44081,23,2024-08-18,1,9.85,9.85,8
988,44160,32,2024-08-11,1,26.52,26.52,8
989,44184,18,2024-08-01,1,22.68,22.68,8
990,44245,16,2024-08-12,1,35.23,35.23,8
991,44255,25,2024-08-15,1,44.38,44.38,8
992,44285,24,2024-08-08,1,15.36,15.36,8
993,44286,20,2024-08-07,1,16.67,16.67,8
994,44308,15,2024-08-30,1,47.8,47.8,8
995,44311,33,2024-08-21,1,50.57,50.57,8
996,44334,27,2024-08-25,1,165.44,165.44,8
997,44386,25,2024-08-04,1,41.94,41.94,8
998,44445,29,2024-08-31,2,31.59,63.18,8
999,44496,22,2024-08-05,2,18.67,37.34,8
1000,44499,17,2024-08-26,1,69.64,69.64,8
1001,44559,19,2024-08-25,1,16.94,16.94,8
1002,44563,33,2024-08-05,1,50.61,50.61,8
1003,44564,8,2024-08-24,1,121.73,121.73,8
1004,44641,6,2024-08-30,4,65.55,262.2,8
1005,44647,31,2024-08-10,1,32.09,32.09,8
1006,44673,6,2024-08-28,2,74.61,149.22,8
1007,44692,7,2024-08-22,2,90.52,181.04,8
1008,44789,24,2024-08-16,1,16.1,16.1,8
1009,44838,19,2024-08-10,1,17.98,17.98,8
1010,44881,29,2024-08-14,1,38.31,38.31,8
1011,44905,24,2024-08-22,2,14.9,29.8,8
1012,44986,23,2024-08-02,4,9.43,37.72,8
1013,45068,24,2024-08-02,1,15.29,15.29,8
1014,45220,26,2024-08-31,1,27.35,27.35,8
1015,45234,33,2024-08-01,3,58.74,176.22,8
1016,45272,26,2024-08-05,3,28.83,86.49,8
1017,45343,23,2024-08-17,2,9.1,18.2,8
1018,45456,4,2024-08-09,1,48.37,48.37,8
1019,45561,7,2024-08-04,2,99.58,199.16,8
1020,45712,22,2024-08-15,1,16.66,16.66,8
1021,45723,6,2024-08-14,1,75.24,75.24,8
1022,45772,6,2024-08-03,1,64.92,64.92,8
1023,45811,12,2024-08-20,2,25.95,51.9,8
1024,45886,23,2024-08-18,1,9.34,9.34,8
1025,45901,13,2024-08-25,1,196.68,196.68,8
1026,45994,9,2024-08-30,1,22.74,22.74,8
1027,45995,23,2024-08-31,1,9.2,9.2,8
1028,46006,2,2024-08-26,1,79.28,79.28,8
1029,46095,26,2024-08-29,1,27.94,27.94,8
1030,46116,12,2024-08-28,3,23.1,69.3,8
1031,46131,16,2024-08-01,1,41.09,41.09,8
1032,46163,8,2024-08-30,1,119.96,119.96,8
1033,46209,2,2024-08-04,1,75.39,75.39,8
1034,46211,27,2024-08-19,1,169.36,169.36,8
1035,46219,8,2024-08-29,1,116.39,116.39,8
1036,46250,32,2024-08-18,1,29.39,29.39,8
1037,46323,18,2024-08-23,1,22.92,22.92,8
1038,46501,19,2024-08-20,2,19.06,38.12,8
1039,46580,23,2024-08-08,2,10.45,20.9,8
1040,46595,35,2024-08-12,1,40.75,40.75,8
1041,46695,15,2024-08-02,2,43.91,87.82,8
1042,46696,25,2024-08-04,1,38.66,38.66,8
1043,46705,13,2024-08-05,3,175.73,527.19,8
1044,46754,2,2024-08-01,1,84.29,84.29,8
1045,46755,31,2024-08-30,2,32.91,65.82,8
1046,46767,17,2024-08-16,2,65.14,130.28,8
1047,46896,29,2024-08-25,1,37.2,37.2,8
1048,46956,8,2024-08-25,3,108.5,325.5,8
1049,46980,35,2024-08-13,3,38.19,114.57,8
1050,46985,10,2024-08-20,1,54.15,54.15,8
1051,47080,21,2024-08-07,4,33.14,132.56,8
1052,47193,33,2024-08-18,3,58.39,175.17,8
1053,47410,22,2024-09-22,1,15.69,15.69,9
1054,47528,24,2024-09-27,1,15.39,15.39,9
1055,47552,18,2024-09-27,1,21.98,21.98,9
1056,47577,20,2024-09-22,1,17.0,17.0,9
1057,47661,3,2024-09-22,1,135.89,135.89,9
1058,47665,35,2024-09-21,2,39.77,79.54,9
1059,47790,29,2024-09-20,1,38.11,38.11,9
1060,47797,33,2024-09-11,1,58.01,58.01,9
1061,47866,29,2024-09-24,1,34.17,34.17,9
1062,47945,14,2024-09-08,1,105.56,105.56,9
1063,47958,18,2024-09-03,2,22.12,44.24,9
1064,47961,16,2024-09-19,2,35.77,71.54,9
1065,47986,23,2024-09-05,2,9.51,19.02,9
1066,48213,29,2024-09-17,1,36.61,36.61,9
1067,48228,7,2024-09-27,1,101.35,101.35,9
1068,48249,23,2024-09-26,3,9.95,29.85,9
1069,48252,17,2024-09-06,4,62.16,248.64,9
1070,48255,30,2024-09-25,1,23.71,23.71,9
1071,48293,20,2024-09-17,1,14.43,14.43,9
1072,48341,12,2024-09-03,1,24.01,24.01,9
1073,48343,10,2024-09-04,1,60.66,60.66,9
1074,48346,19,2024-09-25,1,18.26,18.26,9
1075,48448,34,2024-09-20,2,20.98,41.96,9
1076,48461,26,2024-09-19,3,26.8,80.4,9
1077,48501,28,2024-09-13,3,76.02,228.06,9
1078,48578,15,2024-09-04,1,43.73,43.73,9
1079,48644,18,2024-09-10,1,20.41,20.41,9
1080,48717,31,2024-09-03,2,30.67,61.34,9
1081,48733,36,2024-09-25,1,15.42,15.42,9
1082,48839,8,2024-09-10,1,126.15,126.15,9
1083,48938,19,2024-09-13,1,17.36,17.36,9
1084,48948,1,2024-09-11,2,202.21,404.42,9
1085,48970,29,2024-09-22,1,32.15,32.15,9
1086,49002,23,2024-09-07,1,10.91,10.91,9
1087,49044,36,2024-09-11,3,16.78,50.34,9
1088,49064,27,2024-09-17,2,148.13,296.26,9
1089,49093,26,2024-09-17,1,29.48,29.48,9
1090,49136,27,2024-09-29,1,163.96,163.96,9
1091,49161,13,2024-09-07,1,173.98,173.98,9
1092,49170,7,2024-09-21,1,103.29,103.29,9
1093,49184,20,2024-09-24,3,17.53,52.59,9
1094,49262,6,2024-09-11,3,64.16,192.48,9
1095,49334,1,2024-09-26,1,172.14,172.14,9
1096,49369,20,2024-09-08,1,14.83,14.83,9
1097,49375,21,2024-09-10,1,30.88,30.88,9
1098,49387,34,2024-09-15,1,24.15,24.15,9
1099,49395,20,2024-09-10,2,14.81,29.62,9
1100,49399,24,2024-09-07,1,15.23,15.23,9
1101,49528,4,2024-09-11,2,49.29,98.58,9
1102,49608,36,2024-09-23,2,17.05,34.1,9
1103,49668,16,2024-09-15,1,39.48,39.48,9
1104,49696,22,2024-09-04,2,15.94,31.88,9
1105,49702,14,2024-09-09,2,97.16,194.32,9
1106,49711,18,2024-09-15,1,24.08,24.08,9
1107,49716,7,2024-09-20,1,99.92,99.92,9
1108,49771,24,2024-09-07,1,14.4,14.4,9
1109,49789,16,2024-09-24,1,38.54,38.54,9
1110,49798,19,2024-09-28,1,16.39,16.39,9
1111,49808,18,2024-09-20,1,23.59,23.59,9
1112,49847,17,2024-09-29,1,70.03,70.03,9
1113,49849,4,2024-09-17,1,53.45,53.45,9
1114,49858,14,2024-09-15,1,94.91,94.91,9
1115,49879,2,2024-09-15,1,83.5,83.5,9
1116,49898,23,2024-09-18,1,10.26,10.26,9
1117,49901,22,2024-09-28,1,16.52,16.52,9
1118,49983,23,2024-09-17,1,9.93,9.93,9
1119,49989,12,2024-09-20,2,24.44,48.88,9
1120,50014,34,2024-09-16,1,23.24,23.24,9
1121,50038,32,2024-09-09,3,28.01,84.03,9
1122,50053,33,2024-09-21,2,57.52,115.04,9
1123,50130,31,2024-09-15,1,31.31,31.31,9
1124,50235,21,2024-09-08,3,30.64,91.92,9
1125,50315,25,2024-09-22,1,43.03,43.03,9
1126,50356,9,2024-09-22,1,23.75,23.75,9
1127,50400,25,2024-09-26,1,45.94,45.94,9
1128,50442,31,2024-09-18,2,34.7,69.4,9
1129,50703,19,2024-09-19,2,17.53,35.06,9
1130,50821,31,2024-09-04,1,36.1,36.1,9
1131,50892,25,2024-09-09,1,40.23,40.23,9
1132,50973,2,2024-09-01,1,75.67,75.67,9
1133,51032,23,2024-09-27,1,10.08,10.08,9
1134,51036,32,2024-09-02,3,27.86,83.58,9
1135,51050,28,2024-09-12,3,72.23,216.69,9
1136,51080,20,2024-09-16,1,16.69,16.69,9
1137,51189,12,2024-09-14,2,25.87,51.74,9
1138,51191,27,2024-09-05,1,160.27,160.27,9
1139,51226,7,2024-09-07,1,88.45,88.45,9
1140,51294,21,2024-09-21,1,34.62,34.62,9
1141,51299,31,2024-09-07,1,31.88,31.88,9
1142,51556,34,2024-09-18,1,23.06,23.06,9
1143,51581,22,2024-09-15,1,18.36,18.36,9
1144,51618,8,2024-09-29,3,120.44,361.32,9
1145,51658,26,2024-09-28,2,26.24,52.48,9
1146,51702,34,2024-09-05,1,21.21,21.21,9
1147,51737,21,2024-09-06,1,34.71,34.71,9
1148,51771,22,2024-09-21,2,18.12,36.24,9
1149,51816,14,2024-09-24,1,94.3,94.3,9
1150,51826,2,2024-09-23,1,72.72,72.72,9
1151,51963,20,2024-09-22,1,16.61,16.61,9
1152,51980,23,2024-09-13,1,9.67,9.67,9
1153,52036,23,2024-09-29,2,9.98,19.96,9
1154,52041,33,2024-09-24,1,52.96,52.96,9
1155,52082,19,2024-09-21,1,17.64,17.64,9
1156,52111,21,2024-09-12,1,33.95,33.95,9
1157,52151,31,2024-09-06,3,35.17,105.51,9
1158,52154,15,2024-09-15,1,46.33,46.33,9
1159,52192,8,2024-09-19,1,115.17,115.17,9
1160,52292,25,2024-09-07,1,45.19,45.19,9
1161,52318,28,2024-09-11,1,69.05,69.05,9
1162,52454,17,2024-09-19,2,65.12,130.24,9
1163,52462,21,2024-09-07,1,33.39,33.39,9
1164,52566,26,2024-09-12,3,27.46,82.38,9
1165,52570,31,2024-09-27,1,34.0,34.0,9
1166,52575,28,2024-09-14,1,71.8,71.8,9
1167,52617,35,2024-09-29,2,41.5,83.0,9
1168,52678,15,2024-09-24,1,41.8,41.8,9
1169,52688,20,2024-09-19,2,16.03,32.06,9
1170,52730,34,2024-09-05,1,22.81,22.81,9
1171,52806,26,2024-09-07,3,26.09,78.27,9
1172,52813,16,2024-09-30,1,39.5,39.5,9
1173,52825,25,2024-09-03,1,43.09,43.09,9
1174,52935,36,2024-09-23,1,16.95,16.95,9
1175,52947,32,2024-09-23,1,25.95,25.95,9
1176,52993,31,2024-09-01,1,36.35,36.35,9
1177,53100,10,2024-09-23,1,62.59,62.59,9
1178,53181,25,2024-09-09,1,42.25,42.25,9
1179,53186,25,2024-09-29,2,37.99,75.98,9
1180,53214,28,2024-09-03,1,77.78,77.78,9
1181,53276,30,2024-09-09,2,22.73,45.46,9
1182,53283,30,2024-09-15,2,21.92,43.84,9
1183,53362,33,2024-09-17,3,58.5,175.5,9
1184,53381,30,2024-09-17,1,20.82,20.82,9
1185,53403,16,2024-09-19,1,37.26,37.26,9
1186,53431,23,2024-09-30,1,10.94,10.94,9
1187,53460,25,2024-09-08,1,45.62,45.62,9
1188,53521,23,2024-10-20,1,9.86,9.86,10
1189,53562,23,2024-10-29,1,10.7,10.7,10
1190,53669,15,2024-10-12,1,43.59,43.59,10
1191,53745,3,2024-10-12,2,156.28,312.56,10
1192,53762,31,2024-10-18,3,36.49,109.47,10
1193,53779,3,2024-10-16,1,141.29,141.29,10
1194,53813,22,2024-10-01,1,16.38,16.38,10
1195,53863,23,2024-10-07,1,9.62,9.62,10
1196,53868,11,2024-10-11,2,34.85,69.7,10
1197,53875,11,2024-10-21,1,35.2,35.2,10
1198,53888,19,2024-10-15,1,19.22,19.22,10
1199,54052,17,2024-10-11,1,69.96,69.96,10
1200,54096,26,2024-10-25,1,29.85,29.85,10
1201,54114,26,2024-10-24,2,26.9,53.8,10
1202,54144,31,2024-10-25,4,32.59,130.36,10
1203,54212,3,2024-10-30,1,160.87,160.87,10
1204,54246,22,2024-10-02,1,17.87,17.87,10
1205,54247,19,2024-10-11,2,19.04,38.08,10
1206,54318,34,2024-10-10,1,23.28,23.28,10
1207,54367,32,2024-10-04,1,27.52,27.52,10
1208,54418,20,2024-10-21,4,14.48,57.92,10
1209,54425,21,2024-10-08,1,32.99,32.99,10
1210,54437,20,2024-10-07,1,15.32,15.32,10
1211,54470,18,2024-10-14,1,22.06,22.06,10
1212,54499,8,2024-10-26,1,121.24,121.24,10
1213,54515,6,2024-10-06,1,74.9,74.9,10
1214,54777,21,2024-10-20,1,29.41,29.41,10
1215,54795,17,2024-10-21,1,61.54,61.54,10
1216,54823,21,2024-10-24,2,29.18,58.36,10
1217,54889,29,2024-10-17,1,36.99,36.99,10
1218,54927,11,2024-10-20,1,32.35,32.35,10
1219,54932,23,2024-10-25,1,10.51,10.51,10
1220,54958,20,2024-10-28,1,15.53,15.53,10
1221,54960,26,2024-10-06,1,26.97,26.97,10
1222,54983,2,2024-10-12,1,79.02,79.02,10
1223,55000,28,2024-10-22,1,69.66,69.66,10
1224,55010,23,2024-10-23,1,9.27,9.27,10
1225,55092,18,2024-10-26,1,22.54,22.54,10
1226,55131,27,2024-10-21,1,164.0,164.0,10
1227,55149,35,2024-10-18,1,35.87,35.87,10
1228,55153,5,2024-10-14,1,83.08,83.08,10
1229,55195,21,2024-10-03,1,34.15,34.15,10
1230,55252,18,2024-10-10,1,23.35,23.35,10
1231,55292,35,2024-10-07,1,40.04,40.04,10
1232,55382,36,2024-10-02,1,17.32,17.32,10
1233,55399,12,2024-10-01,1,25.38,25.38,10
1234,55401,19,2024-10-05,1,19.5,19.5,10
1235,55508,23,2024-10-31,1,9.52,9.52,10
1236,55648,8,2024-10-29,1,106.99,106.99,10
1237,55717,12,2024-10-13,1,24.54,24.54,10
1238,55832,3,2024-10-24,2,145.14,290.28,10
1239,55864,16,2024-10-12,1,35.06,35.06,10
1240,55890,9,2024-10-02,1,23.9,23.9,10
1241,55985,19,2024-10-24,1,17.52,17.52,10
1242,56000,29,2024-10-09,1,37.39,37.39,10
1243,56059,32,2024-10-14,1,26.96,26.96,10
1244,56070,4,2024-10-08,2,53.15,106.3,10
1245,56097,36,2024-10-17,3,15.74,47.22,10
1246,56113,12,2024-10-02,1,22.88,22.88,10
1247,56129,30,2024-10-17,1,20.92,20.92,10
1248,56214,8,2024-10-02,1,110.59,110.59,10
1249,56237,30,2024-10-08,2,20.7,41.4,10
1250,56333,36,2024-10-07,1,17.36,17.36,10
1251,56386,19,2024-10-23,1,18.09,18.09,10
1252,56537,27,2024-10-08,1,171.41,171.41,10
1253,56548,34,2024-10-15,2,21.2,42.4,10
1254,56700,34,2024-10-08,2,21.2,42.4,10
1255,56732,32,2024-10-06,1,28.1,28.1,10
1256,56762,32,2024-10-16,1,25.45,25.45,10
1257,56777,19,2024-10-08,1,18.57,18.57,10
1258,56798,15,2024-10-26,1,47.54,47.54,10
1259,56809,36,2024-10-07,3,17.45,52.35,10
1260,56812,6,2024-10-22,1,63.27,63.27,10
1261,56823,12,2024-10-21,1,24.9,24.9,10
1262,56893,34,2024-10-14,1,23.44,23.44,10
1263,56906,9,2024-10-06,3,22.8,68.4,10
1264,56961,20,2024-10-04,1,14.44,14.44,10
1265,56964,26,2024-10-02,1,28.38,28.38,10
1266,57063,26,2024-10-20,2,25.39,50.78,10
1267,57216,2,2024-10-10,3,84.5,253.5,10
1268,57265,18,2024-10-06,1,21.64,21.64,10
1269,57302,34,2024-10-12,1,23.39,23.39,10
1270,57328,31,2024-10-17,1,36.35,36.35,10
1271,57350,20,2024-10-16,1,14.67,14.67,10
1272,57356,24,2024-10-25,1,15.24,15.24,10
1273,57368,15,2024-10-16,1,47.59,47.59,10
1274,57385,24,2024-10-26,1,14.68,14.68,10
1275,57650,23,2024-10-07,1,9.98,9.98,10
1276,57739,15,2024-10-27,1,41.23,41.23,10
1277,57785,28,2024-10-20,1,74.72,74.72,10
1278,57796,32,2024-10-11,1,29.53,29.53,10
1279,57828,24,2024-10-21,1,14.01,14.01,10
1280,57829,14,2024-10-28,1,98.62,98.62,10
1281,58006,35,2024-10-24,1,37.81,37.81,10
1282,58033,28,2024-10-04,1,76.27,76.27,10
1283,58037,34,2024-10-25,1,20.99,20.99,10
1284,58046,27,2024-10-15,1,159.16,159.16,10
1285,58178,34,2024-10-09,1,22.06,22.06,10
1286,58185,21,2024-10-30,2,30.72,61.44,10
1287,58190,7,2024-10-29,1,96.0,96.0,10
1288,58245,28,2024-10-27,1,78.07,78.07,10
1289,58282,32,2024-10-19,1,29.19,29.19,10
1290,58353,19,2024-10-09,1,17.57,17.57,10
1291,58368,23,2024-10-04,1,9.4,9.4,10
1292,58418,3,2024-10-03,1,163.77,163.77,10
1293,58464,3,2024-10-23,1,163.25,163.25,10
1294,58490,23,2024-10-22,2,9.81,19.62,10
1295,58624,21,2024-10-13,1,34.8,34.8,10
1296,58631,28,2024-10-30,1,82.44,82.44,10
1297,58653,14,2024-10-17,1,96.43,96.43,10
1298,58730,24,2024-10-06,3,14.75,44.25,10
1299,58746,7,2024-10-04,1,90.54,90.54,10
1300,58786,24,2024-10-16,1,16.11,16.11,10
1301,58869,1,2024-10-19,1,184.65,184.65,10
1302,58878,31,2024-10-30,1,31.53,31.53,10
1303,59005,21,2024-10-21,2,30.74,61.48,10
1304,59032,19,2024-10-12,1,16.26,16.26,10
1305,59079,33,2024-10-02,1,55.54,55.54,10
1306,59120,33,2024-10-14,2,52.98,105.96,10
1307,59136,14,2024-10-22,1,95.5,95.5,10
1308,59181,10,2024-10-03,3,57.21,171.63,10
1309,59204,19,2024-10-23,4,17.97,71.88,10
1310,59211,14,2024-10-01,1,105.74,105.74,10
1311,59234,24,2024-10-31,4,14.04,56.16,10
1312,59240,28,2024-10-10,1,81.43,81.43,10
1313,59331,11,2024-11-14,2,38.38,76.76,11
1314,59341,11,2024-11-16,3,37.05,111.15,11
1315,59378,10,2024-11-06,1,59.26,59.26,11
1316,59407,26,2024-11-24,1,30.8,30.8,11
1317,59420,21,2024-11-30,1,33.91,33.91,11
1318,59426,23,2024-11-20,1,9.45,9.45,11
1319,59475,30,2024-11-29,1,21.41,21.41,11
1320,59507,19,2024-11-13,3,17.29,51.87,11
1321,59534,9,2024-11-22,1,23.69,23.69,11
1322,59580,29,2024-11-10,1,37.16,37.16,11
1323,59618,31,2024-11-12,1,34.55,34.55,11
1324,59699,31,2024-11-11,2,35.95,71.9,11
1325,59702,32,2024-11-21,1,28.38,28.38,11
1326,59738,25,2024-11-04,1,44.15,44.15,11
1327,59776,4,2024-11-24,1,47.64,47.64,11
1328,59920,32,2024-11-10,1,27.71,27.71,11
1329,60121,32,2024-11-27,2,25.3,50.6,11
1330,60126,17,2024-11-08,3,65.0,195.0,11
1331,60145,19,2024-11-04,2,18.91,37.82,11
1332,60148,28,2024-11-18,1,82.48,82.48,11
1333,60150,27,2024-11-25,1,168.65,168.65,11
1334,60299,34,2024-11-06,1,20.75,20.75,11
1335,60409,17,2024-11-08,1,69.39,69.39,11
1336,60411,30,2024-11-05,1,19.9,19.9,11
1337,60413,31,2024-11-16,1,31.61,31.61,11
1338,60460,32,2024-11-11,1,26.75,26.75,11
1339,60464,9,2024-11-08,1,22.63,22.63,11
1340,60565,32,2024-11-27,1,29.87,29.87,11
1341,60626,7,2024-11-25,1,89.41,89.41,11
1342,60700,17,2024-11-04,1,61.58,61.58,11
1343,60752,1,2024-11-13,1,173.04,173.04,11
1344,60789,9,2024-11-12,1,21.11,21.11,11
1345,60824,25,2024-11-08,2,42.31,84.62,11
1346,60886,35,2024-11-17,1,36.88,36.88,11
1347,60925,20,2024-11-18,3,17.43,52.29,11
1348,60949,34,2024-11-11,2,20.18,40.36,11
1349,60966,19,2024-11-15,1,18.74,18.74,11
1350,60977,24,2024-11-21,2,13.93,27.86,11
1351,60998,10,2024-11-29,1,59.65,59.65,11
1352,61023,16,2024-11-09,2,38.61,77.22,11
1353,61034,13,2024-11-26,3,187.31,561.93,11
1354,61066,12,2024-11-09,1,24.68,24.68,11
1355,61070,19,2024-11-04,1,18.51,18.51,11
1356,61099,20,2024-11-16,1,16.65,16.65,11
1357,61106,34,2024-11-14,1,24.18,24.18,11
1358,61107,7,2024-11-24,1,93.94,93.94,11
1359,61170,6,2024-11-17,1,66.14,66.14,11
1360,61193,32,2024-11-01,1,26.21,26.21,11
1361,61231,9,2024-11-21,1,24.01,24.01,11
1362,61265,13,2024-11-25,1,173.55,173.55,11
1363,61273,35,2024-11-27,1,37.38,37.38,11
1364,61297,23,2024-11-14,3,10.39,31.17,11
1365,61316,27,2024-11-26,1,154.11,154.11,11
1366,61325,24,2024-11-14,1,16.12,16.12,11
1367,61335,29,2024-11-21,1,31.84,31.84,11
1368,61422,11,2024-11-10,1,34.26,34.26,11
1369,61424,25,2024-11-15,1,44.42,44.42,11
1370,61432,29,2024-11-22,2,33.7,67.4,11
1371,61442,32,2024-11-25,1,28.05,28.05,11
1372,61445,35,2024-11-26,1,34.27,34.27,11
1373,61465,22,2024-11-01,1,16.1,16.1,11
1374,61482,32,2024-11-18,1,29.91,29.91,11
1375,61503,25,2024-11-24,1,38.38,38.38,11
1376,61519,31,2024-11-08,1,32.4,32.4,11
1377,61560,2,2024-11-03,1,80.04,80.04,11
1378,61637,22,2024-11-20,4,17.86,71.44,11
1379,61685,25,2024-11-28,1,42.83,42.83,11
1380,61777,11,2024-11-14,1,32.29,32.29,11
1381,61782,34,2024-11-23,1,22.6,22.6,11
1382,61789,28,2024-11-17,1,76.94,76.94,11
1383,61820,9,2024-11-22,2,19.82,39.64,11
1384,61837,13,2024-11-15,1,207.56,207.56,11
1385,61858,32,2024-11-22,2,30.11,60.22,11
1386,61864,26,2024-11-05,1,25.71,25.71,11
1387,61898,13,2024-11-21,1,194.07,194.07,11
1388,61902,24,2024-11-18,1,15.0,15.0,11
1389,61937,24,2024-11-02,1,13.53,13.53,11
1390,62061,12,2024-11-07,1,26.06,26.06,11
1391,62077,12,2024-11-08,1,24.81,24.81,11
1392,62100,5,2024-11-04,2,90.48,180.96,11
1393,62110,20,2024-11-29,4,17.56,70.24,11
1394,62174,19,2024-11-01,1,16.41,16.41,11
1395,62175,26,2024-11-24,2,30.39,60.78,11
1396,62247,21,2024-11-20,1,31.0,31.0,11
1397,62305,15,2024-11-07,1,46.72,46.72,11
1398,62319,23,2024-11-03,1,9.36,9.36,11
1399,62324,12,2024-11-03,1,24.94,24.94,11
1400,62339,3,2024-11-06,1,145.69,145.69,11
1401,62378,12,2024-11-07,4,21.92,87.68,11
1402,62436,2,2024-11-17,1,75.77,75.77,11
1403,62611,24,2024-11-22,1,14.4,14.4,11
1404,62629,19,2024-11-28,2,18.0,36.0,11
1405,62695,27,2024-11-14,2,145.15,290.3,11
1406,62737,27,2024-11-17,2,174.59,349.18,11
1407,62745,21,2024-11-20,1,31.53,31.53,11
1408,62749,36,2024-11-16,1,15.73,15.73,11
1409,62764,14,2024-11-05,3,105.39,316.17,11
1410,62802,5,2024-11-04,1,96.65,96.65,11
1411,62808,29,2024-11-30,1,38.39,38.39,11
1412,62824,29,2024-11-14,1,35.73,35.73,11
1413,62858,22,2024-11-17,2,17.2,34.4,11
1414,62864,9,2024-11-07,1,20.9,20.9,11
1415,62924,28,2024-11-12,2,76.78,153.56,11
1416,63007,25,2024-11-05,1,40.07,40.07,11
1417,63035,19,2024-11-11,1,18.11,18.11,11
1418,63107,15,2024-11-02,1,44.79,44.79,11
1419,63190,25,2024-11-18,1,38.54,38.54,11
1420,63258,21,2024-11-27,1,31.45,31.45,11
1421,63288,6,2024-11-16,1,67.12,67.12,11
1422,63478,3,2024-11-27,1,155.53,155.53,11
1423,63540,10,2024-11-22,1,56.0,56.0,11
1424,63572,12,2024-11-23,1,26.34,26.34,11
1425,63581,25,2024-11-09,1,38.26,38.26,11
1426,63649,33,2024-11-25,2,60.4,120.8,11
1427,63702,1,2024-11-10,1,197.32,197.32,11
1428,63722,34,2024-11-06,1,22.22,22.22,11
1429,63755,28,2024-11-26,1,79.22,79.22,11
1430,63772,25,2024-11-28,1,42.87,42.87,11
1431,63799,12,2024-11-22,2,22.23,44.46,11
1432,63801,12,2024-11-25,2,25.76,51.52,11
1433,63951,28,2024-11-28,1,74.06,74.06,11
1434,64074,36,2024-11-13,1,15.14,15.14,11
1435,64105,22,2024-11-07,1,16.08,16.08,11
1436,64210,32,2024-11-12,1,27.15,27.15,11
1437,64322,16,2024-11-21,1,39.48,39.48,11
1438,64332,32,2024-11-23,3,26.26,78.78,11
1439,64355,13,2024-11-19,1,181.08,181.08,11
1440,64436,11,2024-11-19,4,33.83,135.32,11
1441,64485,30,2024-11-03,3,19.83,59.49,11
1442,64518,30,2024-11-02,2,22.76,45.52,11
1443,64520,10,2024-11-23,1,58.08,58.08,11
1444,64540,19,2024-11-24,1,16.21,16.21,11
1445,64568,35,2024-11-23,1,39.13,39.13,11
1446,64618,12,2024-11-15,1,22.46,22.46,11
1447,64723,3,2024-11-13,1,135.3,135.3,11
1448,64746,11,2024-11-15,2,33.12,66.24,11
1449,64749,27,2024-11-25,2,165.65,331.3,11
1450,64752,25,2024-11-11,1,39.85,39.85,11
1451,64804,29,2024-11-28,1,34.37,34.37,11
1452,64813,35,2024-11-07,1,37.6,37.6,11
1453,64815,20,2024-11-05,1,16.16,16.16,11
1454,64821,24,2024-11-28,2,14.07,28.14,11
1455,64887,5,2024-11-04,1,92.4,92.4,11
1456,64892,14,2024-11-08,2,101.33,202.66,11
1457,64946,9,2024-11-23,2,23.62,47.24,11
1458,65056,17,2024-11-14,1,66.81,66.81,11
1459,65065,23,2024-11-15,1,10.17,10.17,11
1460,65203,17,2024-11-29,1,64.21,64.21,11
1461,65336,16,2024-11-10,1,36.04,36.04,11
1462,65356,33,2024-11-17,1,59.02,59.02,11
1463,65434,22,2024-11-22,1,17.18,17.18,11
1464,65467,13,2024-11-17,1,207.47,207.47,11
1465,65485,36,2024-11-14,1,14.93,14.93,11
1466,65596,23,2024-11-13,4,9.91,39.64,11
1467,65680,20,2024-11-28,1,16.22,16.22,11
1468,65862,30,2024-11-17,1,23.71,23.71,11
1469,65873,19,2024-11-03,2,17.5,35.0,11
1470,65945,19,2024-11-28,2,18.01,36.02,11
1471,65964,24,2024-11-01,4,16.47,65.88,11
1472,65981,12,2024-11-29,1,23.18,23.18,11
1473,66037,8,2024-11-30,1,123.06,123.06,11
1474,66049,20,2024-11-23,1,14.66,14.66,11
1475,66169,30,2024-11-10,1,20.22,20.22,11
1476,66172,28,2024-11-09,1,68.7,68.7,11
1477,66216,10,2024-11-25,1,55.09,55.09,11
1478,66303,19,2024-11-05,1,16.53,16.53,11
1479,66393,33,2024-11-25,1,53.76,53.76,11
1480,66410,35,2024-11-17,1,37.22,37.22,11
1481,66438,9,2024-11-05,1,20.58,20.58,11
1482,66546,11,2024-11-01,1,34.5,34.5,11
1483,66550,28,2024-11-15,1,80.04,80.04,11
1484,66666,9,2024-11-18,3,21.57,64.71,11
1485,66707,32,2024-11-06,1,27.29,27.29,11
1486,66738,3,2024-11-20,1,134.74,134.74,11
1487,66761,27,2024-11-25,3,146.34,439.02,11
1488,66776,18,2024-11-12,1,22.85,22.85,11
1489,66786,15,2024-11-27,1,46.78,46.78,11
1490,66810,29,2024-11-25,3,31.68,95.04,11
1491,66839,23,2024-11-08,2,10.27,20.54,11
1492,66874,21,2024-11-24,1,29.86,29.86,11
1493,66914,31,2024-11-22,1,35.97,35.97,11
1494,66985,23,2024-11-20,2,9.77,19.54,11
1495,67059,17,2024-11-09,1,64.64,64.64,11
1496,67116,19,2024-11-08,1,18.02,18.02,11
1497,67146,9,2024-11-02,1,24.14,24.14,11
1498,67155,13,2024-11-02,2,199.99,399.98,11
1499,67302,23,2024-11-29,1,10.42,10.42,11
1500,67385,19,2024-11-14,1,17.79,17.79,11
1501,67432,8,2024-11-02,2,113.16,226.32,11
1502,67448,22,2024-11-12,1,16.69,16.69,11
1503,67460,28,2024-11-07,1,70.75,70.75,11
1504,67522,11,2024-11-12,2,31.64,63.28,11
1505,67542,24,2024-11-01,3,15.27,45.81,11
1506,67586,18,2024-11-25,1,23.18,23.18,11
1507,67734,22,2024-11-04,2,18.19,36.38,11
1508,67961,21,2024-11-12,1,34.29,34.29,11
1509,67978,17,2024-11-01,3,68.01,204.03,11
1510,67992,27,2024-11-15,1,144.32,144.32,11
1511,68072,25,2024-12-06,2,39.58,79.16,12
1512,68076,2,2024-12-15,1,72.23,72.23,12
1513,68078,24,2024-12-21,2,13.66,27.32,12
1514,68099,6,2024-12-18,1,67.74,67.74,12
1515,68113,19,2024-12-13,2,18.88,37.76,12
1516,68165,20,2024-12-17,1,15.67,15.67,12
1517,68177,9,2024-12-14,1,23.35,23.35,12
1518,68208,32,2024-12-30,1,25.62,25.62,12
1519,68245,15,2024-12-26,2,46.68,93.36,12
1520,68320,18,2024-12-09,1,20.72,20.72,12
1521,68355,3,2024-12-10,3,142.94,428.82,12
1522,68394,11,2024-12-11,1,37.02,37.02,12
1523,68438,34,2024-12-10,1,21.24,21.24,12
1524,68467,23,2024-12-23,1,10.0,10.0,12
1525,68512,4,2024-12-30,1,51.96,51.96,12
1526,68659,23,2024-12-25,2,10.77,21.54,12
1527,68671,2,2024-12-31,1,79.27,79.27,12
1528,68672,21,2024-12-23,2,31.82,63.64,12
1529,68703,11,2024-12-03,1,33.03,33.03,12
1530,68759,13,2024-12-05,3,172.02,516.06,12
1531,68881,28,2024-12-01,2,78.24,156.48,12
1532,68978,17,2024-12-19,4,59.16,236.64,12
1533,69013,16,2024-12-24,2,35.78,71.56,12
1534,69021,26,2024-12-12,1,29.14,29.14,12
1535,69137,29,2024-12-22,2,36.63,73.26,12
1536,69141,4,2024-12-15,1,50.61,50.61,12
1537,69192,21,2024-12-08,3,34.85,104.55,12
1538,69281,6,2024-12-26,1,69.6,69.6,12
1539,69395,23,2024-12-19,2,10.12,20.24,12
1540,69400,27,2024-12-10,4,152.27,609.08,12
1541,69466,2,2024-12-28,3,85.74,257.22,12
1542,69527,9,2024-12-17,1,22.13,22.13,12
1543,69544,27,2024-12-16,1,148.99,148.99,12
1544,69554,24,2024-12-05,1,14.02,14.02,12
1545,69629,36,2024-12-31,2,15.91,31.82,12
1546,69660,30,2024-12-06,3,23.25,69.75,12
1547,69678,30,2024-12-19,1,22.59,22.59,12
1548,69736,4,2024-12-12,3,53.13,159.39,12
1549,69747,11,2024-12-13,1,34.14,34.14,12
1550,69778,22,2024-12-12,1,17.22,17.22,12
1551,69874,17,2024-12-15,1,64.05,64.05,12
1552,70076,33,2024-12-05,1,50.18,50.18,12
1553,70086,14,2024-12-04,1,102.06,102.06,12
1554,70115,35,2024-12-23,2,34.28,68.56,12
1555,70123,24,2024-12-30,1,13.73,13.73,12
1556,70201,3,2024-12-18,1,158.23,158.23,12
1557,70252,16,2024-12-08,2,37.24,74.48,12
1558,70260,36,2024-12-03,4,17.49,69.96,12
1559,70266,23,2024-12-26,1,9.52,9.52,12
1560,70330,25,2024-12-19,1,40.06,40.06,12
1561,70410,7,2024-12-22,1,96.86,96.86,12
1562,70435,6,2024-12-01,1,72.29,72.29,12
1563,70466,19,2024-12-17,2,18.77,37.54,12
1564,70484,1,2024-12-05,1,182.87,182.87,12
1565,70519,21,2024-12-14,1,34.33,34.33,12
1566,70523,18,2024-12-07,1,19.94,19.94,12
1567,70526,4,2024-12-15,1,49.72,49.72,12
1568,70564,12,2024-12-11,1,24.79,24.79,12
1569,70579,22,2024-12-25,1,16.69,16.69,12
1570,70646,27,2024-12-30,2,160.04,320.08,12
1571,70671,31,2024-12-25,1,32.01,32.01,12
1572,70740,12,2024-12-23,2,24.64,49.28,12
1573,70783,17,2024-12-15,1,71.44,71.44,12
1574,70816,10,2024-12-17,1,58.43,58.43,12
1575,70831,19,2024-12-16,1,18.66,18.66,12
1576,70878,21,2024-12-15,3,34.15,102.45,12
1577,70889,4,2024-12-10,2,52.49,104.98,12
1578,70945,19,2024-12-04,1,18.16,18.16,12
1579,71002,26,2024-12-13,1,28.22,28.22,12
1580,71036,2,2024-12-12,1,72.5,72.5,12
1581,71087,33,2024-12-15,2,49.92,99.84,12
1582,71088,8,2024-12-09,1,119.39,119.39,12
1583,71185,28,2024-12-18,1,68.72,68.72,12
1584,71189,28,2024-12-26,1,76.01,76.01,12
1585,71345,9,2024-12-14,1,23.59,23.59,12
1586,71349,16,2024-12-29,2,35.77,71.54,12
1587,71366,32,2024-12-12,2,30.54,61.08,12
1588,71413,24,2024-12-01,1,14.36,14.36,12
1589,71442,19,2024-12-16,1,19.14,19.14,12
1590,71480,26,2024-12-31,1,28.59,28.59,12
1591,71584,21,2024-12-22,2,34.27,68.54,12
1592,71614,19,2024-12-30,1,16.85,16.85,12
1593,71666,28,2024-12-04,2,75.31,150.62,12
1594,71671,3,2024-12-10,1,159.48,159.48,12
1595,71687,34,2024-12-14,2,20.62,41.24,12
1596,71728,22,2024-12-14,1,18.54,18.54,12
1597,71835,32,2024-12-21,2,28.04,56.08,12
1598,71915,27,2024-12-13,1,154.13,154.13,12
1599,71945,25,2024-12-14,1,41.19,41.19,12
1600,72042,28,2024-12-03,1,79.61,79.61,12
1601,72046,14,2024-12-09,1,95.86,95.86,12
1602,72083,23,2024-12-24,1,9.93,9.93,12
1603,72094,33,2024-12-13,2,52.63,105.26,12
1604,72121,18,2024-12-12,1,20.91,20.91,12
1605,72126,23,2024-12-12,3,10.6,31.8,12
1606,72226,21,2024-12-25,1,33.37,33.37,12
1607,72228,31,2024-12-02,1,33.82,33.82,12
1608,72230,32,2024-12-20,1,28.5,28.5,12
1609,72262,31,2024-12-30,2,35.78,71.56,12
1610,72326,26,2024-12-29,1,30.31,30.31,12
1611,72467,9,2024-12-26,2,21.31,42.62,12
1612,72480,18,2024-12-07,2,23.53,47.06,12
1613,72514,25,2024-12-15,1,44.71,44.71,12
1614,72601,26,2024-12-29,1,27.6,27.6,12
1615,72629,13,2024-12-26,1,193.9,193.9,12
1616,72667,32,2024-12-29,1,30.11,30.11,12
1617,72710,31,2024-12-03,1,34.79,34.79,12
1618,72720,22,2024-12-05,4,17.61,70.44,12
1619,72761,7,2024-12-02,1,94.18,94.18,12
1620,72789,21,2024-12-20,1,32.73,32.73,12
1621,72877,24,2024-12-30,1,15.14,15.14,12
1622,72879,13,2024-12-05,2,185.1,370.2,12
1623,72894,36,2024-12-09,1,17.34,17.34,12
1624,72988,11,2024-12-18,2,37.96,75.92,12
1625,73003,20,2024-12-09,2,14.67,29.34,12
1626,73044,23,2024-12-20,1,9.9,9.9,12
1627,73075,35,2024-12-14,3,38.07,114.21,12
1628,73095,27,2024-12-30,1,168.23,168.23,12
1629,73211,19,2024-12-26,1,16.99,16.99,12
1630,73238,6,2024-12-06,2,62.74,125.48,12
1631,73297,20,2024-12-23,1,15.52,15.52,12
1632,73324,3,2024-12-07,2,153.82,307.64,12
1633,73329,7,2024-12-27,1,91.17,91.17,12
1634,73360,23,2024-12-20,1,9.38,9.38,12
1635,73383,24,2024-12-04,2,15.18,30.36,12
1636,73396,2,2024-12-16,3,80.37,241.11,12
1637,73414,36,2024-12-11,2,15.75,31.5,12
1638,73613,15,2024-12-06,1,41.35,41.35,12
1639,73677,6,2024-12-27,1,74.67,74.67,12
1640,73837,19,2024-12-25,1,17.32,17.32,12
1641,73873,2,2024-12-18,1,78.34,78.34,12
1642,74077,31,2024-12-17,1,35.8,35.8,12
1643,74093,15,2024-12-09,2,42.76,85.52,12
1644,74215,1,2024-12-27,1,178.26,178.26,12
1645,74348,15,2024-12-20,1,46.35,46.35,12
1646,74378,10,2024-12-03,2,60.48,120.96,12
1647,74382,19,2024-12-24,1,16.82,16.82,12
1648,74455,24,2024-12-05,1,14.17,14.17,12
1649,74509,7,2024-12-16,1,104.03,104.03,12
1650,74518,32,2024-12-16,1,29.19,29.19,12
1651,74528,22,2024-12-16,2,15.73,31.46,12
1652,74626,19,2024-12-30,1,17.37,17.37,12
1653,74649,9,2024-12-21,4,22.63,90.52,12
1654,74663,24,2024-12-06,1,15.51,15.51,12
1655,74709,25,2024-12-07,1,42.44,42.44,12
1656,74724,35,2024-12-22,1,41.12,41.12,12
1657,74736,20,2024-12-27,1,17.15,17.15,12
1658,74774,10,2024-12-14,1,55.2,55.2,12
1659,74832,8,2024-12-12,1,124.77,124.77,12
1660,74863,12,2024-12-16,1,23.12,23.12,12
1661,75036,32,2024-12-21,1,27.17,27.17,12
1662,75050,29,2024-12-19,2,32.38,64.76,12
1663,75067,26,2024-12-02,1,27.08,27.08,12
1664,75186,36,2024-12-02,1,16.42,16.42,12
1665,75248,24,2024-12-01,1,13.85,13.85,12
1666,75391,11,2024-12-13,1,32.49,32.49,12
1667,75407,12,2024-12-29,1,24.01,24.01,12
1668,75443,5,2024-12-18,1,83.82,83.82,12
1669,75548,9,2024-12-12,1,22.98,22.98,12
1670,75561,28,2024-12-07,1,73.67,73.67,12
1671,75599,31,2024-12-27,1,31.93,31.93,12
1672,75621,19,2024-12-17,1,16.36,16.36,12
1673,75627,18,2024-12-30,1,24.0,24.0,12
1674,75634,7,2024-12-06,2,97.78,195.56,12
1675,75638,31,2024-12-26,1,31.45,31.45,12
1676,75651,13,2024-12-05,1,177.75,177.75,12
1677,75706,36,2024-12-28,4,14.66,58.64,12
1678,75754,30,2024-12-02,1,23.53,23.53,12
1679,75762,7,2024-12-14,1,102.68,102.68,12
1680,75810,5,2024-12-21,1,85.41,85.41,12
1681,75826,19,2024-12-01,1,16.65,16.65,12
1682,75842,31,2024-12-10,1,31.64,31.64,12
1683,75865,30,2024-12-10,1,22.4,22.4,12
1684,75897,3,2024-12-09,1,152.98,152.98,12
1685,75972,31,2024-12-06,1,33.33,33.33,12
1686,75981,26,2024-12-09,3,26.46,79.38,12
1687,75982,13,2024-12-05,1,205.65,205.65,12
1688,75983,30,2024-12-05,2,20.23,40.46,12
1689,76023,25,2024-12-30,1,44.75,44.75,12
1690,76042,19,2024-12-24,1,17.57,17.57,12
1691,76128,23,2024-12-04,3,9.39,28.17,12
1692,76138,36,2024-12-10,1,16.96,16.96,12
1693,76154,34,2024-12-27,1,21.22,21.22,12
1694,76197,26,2024-12-05,1,26.19,26.19,12
1695,76217,32,2024-12-09,1,25.31,25.31,12
1696,76233,22,2024-12-25,1,17.83,17.83,12
1697,76269,30,2024-12-17,1,20.96,20.96,12
1698,76434,10,2024-12-01,1,54.58,54.58,12
1699,76481,1,2024-12-23,1,183.32,183.32,12
1700,76564,27,2024-12-15,1,149.96,149.96,12
1701,76577,26,2024-12-11,1,26.45,26.45,12
1702,76604,1,2024-12-06,1,191.21,191.21,12
1703,76617,16,2024-12-20,1,40.74,40.74,12
1704,76654,24,2024-12-06,3,15.11,45.33,12
1705,76707,10,2024-12-22,1,55.55,55.55,12
